ID,Delivery_person_ID,Delivery_person_Age,Delivery_person_Ratings,Restaurant_latitude,Restaurant_longitude,Delivery_location_latitude,Delivery_location_longitude,Order_Date,Time_Orderd,Time_Order_picked,Weather_conditions,Road_traffic_density,Vehicle_condition,Type_of_order,Type_of_vehicle,multiple_deliveries,Festival,City,Time_taken (min),delivery_category
0xcdcd,DEHRES17DEL01,36.0,4.2,30.33,78.05,30.4,78.12,12-02-2022,21:55,22:10,Fog,Jam,2,Snack,motorcycle,3.0,No,Metropolitian,46,Food
0xd987,KOCRES16DEL01,21.0,4.7,10.0,76.31,10.04,76.35,13-02-2022,14:55,15:05,Stormy,Jam,1,Meal,motorcycle,1.0,No,Metropolitian,23,Food
0x2784,PUNERES13DEL03,23.0,4.7,18.56,73.92,18.65,74.01,04-03-2022,17:30,17:40,Sandstorms,Jam,1,Drinks,scooter,1.0,No,Metropolitian,21,Grocery
0xc8b6,LUDHRES15DEL02,34.0,4.3,30.9,75.81,30.92,75.83,13-02-2022,09:20,09:30,Sandstorms,Jam,0,Buffet,motorcycle,0.0,No,Metropolitian,20,Food
0xdb64,KNPRES14DEL02,24.0,4.7,26.46,80.37,26.59,80.5,14-02-2022,19:50,20:05,Fog,Jam,1,Snack,scooter,1.0,No,Metropolitian,41,Food
0x3af3,MUMRES15DEL03,29.0,4.5,19.18,72.84,19.27,72.93,02-04-2022,20:25,20:35,Sandstorms,Jam,2,Buffet,electric_scooter,1.0,No,Metropolitian,20,Food
0x3aab,MYSRES01DEL01,35.0,4.0,12.31,76.65,12.35,76.69,01-03-2022,14:55,15:10,Windy,Jam,1,Meal,scooter,1.0,No,Metropolitian,33,Food
0x689b,PUNERES20DEL01,33.0,4.2,18.59,73.77,18.7,73.88,16-03-2022,20:30,20:40,Sandstorms,Jam,2,Snack,motorcycle,1.0,No,Metropolitian,40,Food
0x6f67,HYDRES14DEL01,34.0,4.9,17.43,78.41,17.5,78.48,20-03-2022,20:40,20:50,Cloudy,Jam,0,Snack,motorcycle,,No,Metropolitian,41,Food
0xc9cf,KOLRES15DEL03,21.0,4.7,22.55,88.35,22.58,88.38,15-02-2022,21:15,21:30,Windy,Jam,0,Meal,motorcycle,1.0,No,Urban,15,Food
0x36b8,PUNERES19DEL02,25.0,4.1,18.56,73.92,18.64,74.0,16-03-2022,20:20,20:25,Sandstorms,Jam,0,Snack,motorcycle,2.0,No,Metropolitian,36,Food
0x5795,RANCHIRES06DEL02,31.0,4.7,23.36,85.33,23.49,85.46,10-03-2022,22:30,22:45,Sandstorms,Low,2,Meal,electric_scooter,0.0,No,Metropolitian,26,Food
0x6c6b,COIMBRES13DEL01,37.0,5.0,11.0,76.98,11.01,76.99,11-03-2022,08:15,08:30,Sandstorms,Low,1,Snack,motorcycle,1.0,No,Metropolitian,20,Food
0xb816,CHENRES19DEL02,33.0,4.3,12.99,80.22,13.12,80.35,27-03-2022,19:30,19:45,Windy,Jam,2,Meal,scooter,1.0,No,Metropolitian,39,Food
0x539b,MUMRES02DEL01,25.0,4.0,19.22,72.86,19.26,72.9,26-03-2022,12:25,12:30,Cloudy,Jam,1,Buffet,motorcycle,1.0,No,Metropolitian,34,Food
0xa1b2,CHENRES01DEL01,29.0,4.5,13.01,80.25,13.12,80.36,27-03-2022,18:35,18:50,Sunny,Jam,2,Meal,electric_scooter,1.0,No,Metropolitian,15,Food
0x3231,JAPRES16DEL03,27.0,5.0,26.85,75.8,26.88,75.83,05-04-2022,20:35,20:40,Stormy,Jam,0,Snack,motorcycle,0.0,No,Urban,18,Food
0x8bc0,SURRES15DEL03,35.0,4.3,21.16,72.77,21.25,72.86,12-03-2022,23:20,23:30,Cloudy,Jam,1,Drinks,scooter,0.0,No,Metropolitian,38,Food
0x2288,BANGRES09DEL03,32.0,4.0,12.93,77.62,13.02,77.71,16-03-2022,21:20,21:35,Windy,Jam,0,Buffet,motorcycle,1.0,No,Metropolitian,47,Food
0x3c5e,PUNERES04DEL01,23.0,4.8,18.51,73.84,18.62,73.95,02-04-2022,23:35,23:45,Windy,Low,2,Buffet,electric_scooter,0.0,No,Urban,12,Food
0x3e60,COIMBRES02DEL03,31.0,4.8,11.02,77.0,11.05,77.03,01-04-2022,22:35,22:50,Sandstorms,Jam,2,Drinks,motorcycle,1.0,No,Metropolitian,26,Grocery
0xbff,SURRES16DEL02,36.0,4.1,21.16,72.77,21.21,72.82,05-03-2022,22:35,22:40,Stormy,Jam,0,Drinks,motorcycle,1.0,No,Urban,22,Food
0xd936,GOARES15DEL02,26.0,4.3,15.51,73.78,15.56,73.83,11-02-2022,23:25,23:35,Sandstorms,Jam,0,Buffet,motorcycle,0.0,No,Urban,21,Food
0xd681,GOARES07DEL01,38.0,4.9,15.56,73.75,15.6,73.79,11-02-2022,13:35,13:40,Cloudy,Jam,1,Drinks,scooter,1.0,No,Urban,25,Food
0x2876,RANCHIRES02DEL01,32.0,3.5,0.0,0.0,0.11,0.11,08-03-2022,21:35,21:45,Stormy,Jam,1,Snack,scooter,0.0,No,Urban,35,Food
0x30c8,PUNERES19DEL02,32.0,4.6,18.56,73.92,18.69,74.05,02-04-2022,22:35,22:45,Cloudy,Jam,2,Drinks,scooter,1.0,No,Metropolitian,30,Grocery
0xb843,PUNERES02DEL01,33.0,4.9,18.55,73.8,18.62,73.87,08-03-2022,18:55,19:10,Sunny,Jam,1,Snack,motorcycle,1.0,No,Metropolitian,22,Food
0xb3a0,PUNERES18DEL01,20.0,4.7,18.59,73.79,18.63,73.83,03-04-2022,14:15,14:25,Windy,Jam,1,Snack,scooter,0.0,No,Urban,10,Food
0x6531,SURRES08DEL01,20.0,4.8,21.17,72.79,21.18,72.8,30-03-2022,0.458333333,11:10,Sandstorms,Jam,2,Meal,scooter,1.0,No,Metropolitian,19,Food
0x4bda,HYDRES17DEL02,35.0,5.0,17.45,78.39,17.47,78.41,01-04-2022,09:45,09:55,Sunny,Low,2,Snack,scooter,1.0,No,Urban,11,Food
0x9d26,BANGRES17DEL02,26.0,4.9,12.97,77.61,12.99,77.63,28-03-2022,08:40,08:55,Stormy,Jam,2,Buffet,scooter,0.0,No,Metropolitian,11,Food
0x9b18,BANGRES17DEL01,22.0,4.8,12.97,77.61,13.04,77.68,18-03-2022,0.958333333,23:10,Fog,Jam,1,Snack,motorcycle,1.0,No,Metropolitian,28,Food
0x5d99,CHENRES11DEL01,35.0,4.3,13.06,80.24,13.13,80.31,14-03-2022,17:25,17:30,Cloudy,Jam,1,Snack,motorcycle,1.0,No,Metropolitian,33,Food
0x4f0,MUMRES17DEL02,,,19.12,72.91,19.2,72.99,06-04-2022,,18:35,Cloudy,Jam,1,Drinks,scooter,1.0,No,Metropolitian,33,Grocery
0xb796,SURRES17DEL03,37.0,4.7,21.15,72.77,21.24,72.86,04-04-2022,19:45,19:50,Sandstorms,Jam,0,Snack,motorcycle,3.0,No,Metropolitian,52,Food
0x85b4,MUMRES07DEL01,28.0,4.6,19.09,72.83,19.2,72.94,08-03-2022,19:10,19:25,Stormy,Jam,1,Snack,scooter,1.0,No,Metropolitian,22,Food
0xc644,KOLRES16DEL02,37.0,4.9,22.54,88.37,22.56,88.39,13-02-2022,10:55,0.458333333,Fog,Jam,1,Snack,scooter,1.0,No,Urban,16,Food
0x6999,MUMRES02DEL03,23.0,4.9,19.22,72.86,19.28,72.92,24-03-2022,21:40,21:45,Sunny,Jam,2,Drinks,electric_scooter,0.0,No,Metropolitian,11,Food
0x63b6,BANGRES05DEL03,27.0,4.9,12.97,77.65,13.03,77.71,19-03-2022,0.791666667,19:15,Windy,Jam,1,Drinks,scooter,1.0,No,Metropolitian,25,Grocery
0xa30b,CHENRES11DEL01,37.0,4.8,13.06,80.24,13.1,80.28,09-03-2022,16:45,16:55,Cloudy,Jam,0,Drinks,motorcycle,1.0,No,Urban,26,Food
0x3556,SURRES09DEL01,33.0,5.0,21.18,72.8,21.19,72.81,19-03-2022,11:30,11:40,Sunny,Jam,2,Snack,scooter,1.0,No,Metropolitian,18,Food
0x5554,RANCHIRES15DEL01,31.0,4.9,23.37,85.34,23.41,85.38,03-04-2022,15:10,15:15,Fog,Jam,1,Snack,motorcycle,1.0,No,Metropolitian,16,Food
0x25fd,BANGRES19DEL01,31.0,4.8,12.91,77.68,13.02,77.79,25-03-2022,22:45,22:55,Stormy,Jam,2,Drinks,scooter,1.0,No,Metropolitian,23,Food
0xc1ff,AURGRES20DEL03,25.0,5.0,0.0,0.0,0.03,0.03,13-02-2022,22:10,22:25,Cloudy,Low,0,Snack,motorcycle,0.0,No,Metropolitian,15,Food
0x7ac8,COIMBRES14DEL02,28.0,4.8,11.0,76.98,11.08,77.06,04-04-2022,20:45,20:55,Sandstorms,Jam,0,Drinks,motorcycle,1.0,No,Metropolitian,36,Grocery
0x3da1,SURRES08DEL03,31.0,4.7,21.17,72.79,21.23,72.85,26-03-2022,22:50,23:05,Cloudy,Jam,2,Snack,motorcycle,0.0,No,Metropolitian,16,Food
0x272d,COIMBRES07DEL03,24.0,4.7,10.96,76.97,11.05,77.06,10-03-2022,17:55,0.75,Sunny,Jam,0,Buffet,motorcycle,0.0,No,Urban,19,Food
0xddc5,AGRRES12DEL03,39.0,4.6,27.17,78.02,27.26,78.11,14-02-2022,22:45,0.958333333,Sunny,Low,1,Snack,motorcycle,1.0,No,Metropolitian,27,Food
0x8e6c,VADRES02DEL02,39.0,4.2,0.0,0.0,0.08,0.08,02-03-2022,20:35,20:50,Fog,Jam,2,Snack,scooter,1.0,No,Semi-Urban,49,Food
0xb002,JAPRES14DEL01,32.0,4.5,26.89,75.8,26.9,75.81,26-03-2022,09:25,09:40,Windy,Jam,2,Buffet,scooter,0.0,No,,20,Food
0x395b,VADRES04DEL03,36.0,4.7,0.0,0.0,0.06,0.06,13-03-2022,20:15,20:20,Cloudy,Jam,1,Snack,motorcycle,1.0,No,Metropolitian,30,Food
0x8aa2,JAPRES18DEL02,25.0,4.8,26.91,75.75,26.99,75.83,29-03-2022,22:25,22:35,Sandstorms,Jam,1,Drinks,scooter,0.0,No,Urban,18,Grocery
0xb55a,MYSRES04DEL03,33.0,4.9,12.31,76.67,12.34,76.7,30-03-2022,21:55,0.916666667,Sunny,Jam,2,Drinks,scooter,0.0,No,Metropolitian,22,Grocery
0x73cc,SURRES12DEL01,30.0,4.4,21.18,72.81,21.25,72.88,12-03-2022,22:40,22:55,Cloudy,Jam,2,Drinks,scooter,1.0,No,Metropolitian,34,Food
0xbe80,MUMRES04DEL01,33.0,5.0,19.25,72.85,19.36,72.96,31-03-2022,23:50,23:55,Sandstorms,Jam,0,Buffet,motorcycle,0.0,No,Urban,24,Food
0x1609,PUNERES02DEL01,36.0,4.9,18.55,73.8,18.59,73.84,17-03-2022,15:25,15:40,Fog,Jam,2,Drinks,scooter,1.0,No,Metropolitian,17,Grocery
0xd255,ALHRES07DEL02,21.0,4.8,25.45,81.84,25.47,81.86,15-02-2022,10:20,10:30,Sandstorms,Jam,2,Meal,electric_scooter,0.0,No,Metropolitian,14,Food
0xde72,DEHRES19DEL02,39.0,4.9,30.37,78.08,30.42,78.13,15-02-2022,20:55,0.875,Stormy,Jam,2,Meal,motorcycle,1.0,No,Metropolitian,30,Food
0x98aa,VADRES16DEL02,23.0,4.8,0.0,0.0,0.02,0.02,07-03-2022,10:40,10:50,Stormy,Jam,1,Meal,scooter,1.0,No,Metropolitian,15,Food
0x273a,VADRES09DEL01,35.0,4.8,0.0,0.0,0.04,0.04,28-03-2022,15:55,16:05,Fog,Jam,2,Buffet,scooter,1.0,No,Urban,16,Food
0xa258,CHENRES12DEL03,39.0,4.6,12.97,80.25,13.06,80.34,16-03-2022,20:10,20:15,Cloudy,Jam,1,Snack,scooter,1.0,No,Metropolitian,36,Food
0x8b53,SURRES11DEL01,22.0,4.7,21.16,72.77,21.2,72.81,17-03-2022,12:10,12:15,Sunny,Jam,1,Buffet,scooter,1.0,No,Urban,18,Food
0xbbde,SURRES01DEL01,32.0,4.6,21.19,72.79,21.23,72.83,15-03-2022,15:30,15:45,Fog,Jam,1,Meal,scooter,0.0,No,Metropolitian,17,Food
0x5ded,VADRES15DEL02,24.0,4.8,0.0,0.0,0.08,0.08,25-03-2022,22:10,22:15,Sandstorms,Jam,1,Buffet,motorcycle,1.0,No,Urban,15,Food
0x1a70,MYSRES14DEL02,29.0,4.7,0.0,0.0,0.02,0.02,09-03-2022,10:35,10:45,Fog,Low,0,Buffet,motorcycle,1.0,No,Metropolitian,17,Food
0xa9f,BANGRES13DEL01,,,12.94,77.61,12.98,77.65,11-03-2022,,15:30,,,1,Drinks,scooter,0.0,No,Metropolitian,19,Food
0x4b7f,HYDRES13DEL03,26.0,4.7,17.43,78.4,17.49,78.46,05-03-2022,23:50,24:05:00,Fog,Jam,1,Buffet,motorcycle,0.0,No,Metropolitian,10,Food
0xc606,BHPRES12DEL02,20.0,4.5,0.0,0.0,0.05,0.05,11-02-2022,21:10,21:25,Fog,Jam,1,Drinks,motorcycle,1.0,No,Metropolitian,27,Food
0xb962,CHENRES11DEL03,35.0,4.1,13.06,80.24,13.15,80.33,12-03-2022,20:25,20:40,Sandstorms,Jam,1,Buffet,motorcycle,2.0,No,Metropolitian,37,Food
0x633c,BANGRES010DEL03,39.0,4.6,12.93,77.61,13.02,77.7,29-03-2022,20:50,0.875,Fog,Jam,1,Drinks,scooter,2.0,No,Metropolitian,44,Food
0x2dc6,VADRES20DEL01,34.0,4.7,22.31,73.16,22.35,73.2,19-03-2022,12:35,12:45,Windy,Jam,2,Drinks,electric_scooter,1.0,No,Metropolitian,28,Grocery
0x903a,BANGRES11DEL01,27.0,4.7,12.93,77.62,13.04,77.73,10-03-2022,0.875,21:15,Cloudy,Jam,2,Snack,scooter,1.0,No,Metropolitian,42,Food
0xc444,DEHRES01DEL01,30.0,4.8,0.0,0.0,0.11,0.11,16-02-2022,23:40,23:55,Windy,Jam,1,Snack,motorcycle,1.0,No,Metropolitian,25,Food
0x1fb7,CHENRES02DEL01,25.0,4.4,13.09,80.22,13.2,80.33,27-03-2022,18:15,18:20,Cloudy,Jam,2,Snack,scooter,1.0,No,Metropolitian,39,Food
0x34d7,MUMRES04DEL01,25.0,4.7,19.25,72.85,19.36,72.96,27-03-2022,18:20,18:25,Stormy,Jam,0,Meal,motorcycle,0.0,No,Urban,20,Food
0x156b,JAPRES03DEL02,30.0,5.0,26.91,75.8,26.93,75.82,24-03-2022,11:45,11:50,Stormy,Jam,1,Buffet,motorcycle,1.0,No,Metropolitian,31,Food
0x56ad,HYDRES04DEL03,24.0,4.6,17.41,78.33,17.47,78.39,09-03-2022,20:45,20:55,Stormy,Jam,1,Buffet,motorcycle,0.0,No,Metropolitian,13,Food
0x837c,PUNERES14DEL02,39.0,4.8,18.52,73.84,18.57,73.89,03-03-2022,21:55,22:10,Stormy,Jam,1,Meal,motorcycle,,No,Metropolitian,28,Food
0xcbc4,GOARES04DEL01,25.0,4.8,15.57,73.74,15.61,73.78,15-02-2022,12:45,12:50,Windy,Jam,1,Snack,scooter,1.0,No,Urban,19,Food
0xc19e,AURGRES08DEL02,37.0,4.6,19.88,75.36,19.96,75.44,18-02-2022,23:30,23:45,Fog,Jam,0,Buffet,motorcycle,2.0,Yes,Urban,42,Food
0x1d60,BANGRES12DEL01,24.0,5.0,12.94,77.63,12.95,77.64,01-03-2022,10:50,10:55,Fog,Jam,0,Drinks,motorcycle,1.0,No,Metropolitian,23,Grocery
0x95fb,HYDRES05DEL01,25.0,4.2,17.43,78.39,17.54,78.5,23-03-2022,21:25,21:40,Stormy,Jam,0,Meal,motorcycle,1.0,No,Metropolitian,39,Food
0x8195,RANCHIRES17DEL01,32.0,4.6,23.37,85.34,23.38,85.35,01-04-2022,10:10,10:20,Stormy,Jam,2,Drinks,motorcycle,1.0,No,Metropolitian,25,Grocery
0xc042,AGRRES010DEL01,34.0,4.7,-27.16,78.06,27.23,78.13,16-02-2022,0.958333333,23:05,Sandstorms,Jam,1,Drinks,scooter,0.0,No,Metropolitian,15,Food
0x6d19,INDORES12DEL02,38.0,4.9,22.75,75.89,22.77,75.91,11-03-2022,08:40,08:55,Cloudy,Jam,2,Drinks,scooter,1.0,No,Urban,15,Grocery
0x35e6,JAPRES15DEL03,36.0,4.8,26.89,75.8,26.98,75.89,14-03-2022,17:50,17:55,Sunny,Jam,2,Buffet,electric_scooter,0.0,No,Metropolitian,15,Food
0xb437,SURRES16DEL01,25.0,5.0,21.16,72.77,21.27,72.88,18-03-2022,20:25,20:40,Stormy,Jam,1,Meal,motorcycle,,No,Metropolitian,15,Food
0x97e3,MYSRES16DEL02,29.0,5.0,12.32,76.6,12.37,76.65,01-04-2022,22:20,22:25,Sunny,Jam,0,Drinks,motorcycle,0.0,No,Metropolitian,18,Food
0xa3e0,MUMRES05DEL03,36.0,4.7,18.93,72.83,19.02,72.92,04-04-2022,23:40,23:50,Sandstorms,Jam,2,Drinks,electric_scooter,0.0,No,Metropolitian,29,Food
0x4161,COIMBRES19DEL02,33.0,4.7,11.02,77.0,11.07,77.05,11-03-2022,23:25,23:30,Fog,Jam,0,Snack,motorcycle,0.0,No,Metropolitian,20,Food
0x1236,MYSRES07DEL01,36.0,4.4,12.33,76.63,12.37,76.67,13-03-2022,12:40,12:55,Cloudy,Jam,2,Meal,scooter,1.0,No,Metropolitian,39,Food
0x2558,PUNERES17DEL01,21.0,4.8,18.53,73.83,18.64,73.94,04-03-2022,23:30,23:45,Windy,Jam,0,Snack,motorcycle,0.0,No,Metropolitian,19,Food
0x3185,HYDRES19DEL03,25.0,4.8,17.46,78.5,17.49,78.53,26-03-2022,23:55,24:10:00,Cloudy,Jam,1,Snack,scooter,1.0,No,Urban,19,Food
0x3c57,MUMRES14DEL02,23.0,4.8,19.18,72.84,19.31,72.97,16-03-2022,22:50,0.958333333,Windy,Jam,0,Meal,motorcycle,0.0,No,Metropolitian,17,Food
0x4863,COIMBRES02DEL01,25.0,4.6,11.02,77.0,11.03,77.01,01-03-2022,10:25,10:40,Stormy,Jam,2,Snack,motorcycle,1.0,No,Urban,15,Food
0x6757,INDORES05DEL02,24.0,4.3,22.73,75.88,22.75,75.9,15-03-2022,08:45,0.375,Sandstorms,Jam,0,Meal,motorcycle,0.0,No,Urban,19,Food
0x22ad,BANGRES03DEL03,27.0,4.6,12.98,77.64,13.07,77.73,04-03-2022,21:25,21:40,Sandstorms,Jam,0,Buffet,motorcycle,1.0,No,Metropolitian,29,Food
0x9f99,MUMRES11DEL01,23.0,4.8,18.99,72.83,19.1,72.94,18-03-2022,22:35,22:40,Cloudy,Jam,2,Snack,scooter,1.0,No,Urban,22,Food
0x6781,MYSRES12DEL02,21.0,4.3,12.28,76.63,12.41,76.76,23-03-2022,20:10,20:20,Fog,Jam,1,Drinks,scooter,0.0,No,Metropolitian,42,Grocery
0x1b8d,SURRES09DEL02,27.0,4.7,21.18,72.8,21.2,72.82,15-03-2022,10:55,11:10,Sandstorms,Jam,2,Snack,scooter,0.0,No,Urban,12,Food
0x1aea,COIMBRES12DEL02,32.0,4.2,11.0,76.98,11.13,77.11,08-03-2022,20:35,20:45,Cloudy,Jam,1,Snack,motorcycle,1.0,No,Metropolitian,38,Food
0x1e42,SURRES08DEL01,25.0,4.6,21.17,72.79,21.28,72.9,10-03-2022,23:20,23:35,Sunny,Low,0,Drinks,motorcycle,1.0,No,Metropolitian,23,Food
0xddc8,KNPRES05DEL02,39.0,4.7,26.48,80.32,26.5,80.34,11-02-2022,10:35,10:50,Cloudy,Jam,1,Meal,scooter,0.0,No,Metropolitian,15,Food
0x24ac,SURRES05DEL02,27.0,4.6,21.18,72.8,21.26,72.88,14-03-2022,23:45,23:50,Sunny,Jam,0,Snack,motorcycle,1.0,No,Metropolitian,24,Food
0x3f01,MUMRES15DEL01,39.0,3.8,19.18,72.84,19.29,72.95,16-03-2022,19:55,0.833333333,Windy,Jam,1,Drinks,motorcycle,0.0,No,Metropolitian,37,Grocery
0x628c,BANGRES15DEL02,31.0,4.8,12.98,77.7,13.03,77.75,01-03-2022,22:15,22:25,Sandstorms,Jam,1,Snack,scooter,0.0,No,Metropolitian,24,Food
0x6c38,RANCHIRES11DEL03,31.0,4.8,23.36,85.33,23.42,85.39,01-03-2022,23:10,23:15,Sunny,Low,2,Buffet,electric_scooter,0.0,No,Metropolitian,13,Food
0x4beb,MYSRES08DEL01,20.0,4.8,12.3,76.67,12.31,76.68,30-03-2022,09:15,09:30,Cloudy,Jam,0,Drinks,motorcycle,0.0,No,,16,Food
0x8339,RANCHIRES07DEL02,36.0,4.9,23.36,85.33,23.44,85.41,02-03-2022,18:25,18:35,Cloudy,Jam,0,Drinks,motorcycle,1.0,No,Urban,42,Grocery
0x3ec5,RANCHIRES01DEL03,20.0,4.9,23.42,85.32,23.51,85.41,20-03-2022,22:10,22:20,Sandstorms,Jam,0,Meal,motorcycle,1.0,No,Metropolitian,17,Food
0xadb4,JAPRES17DEL03,24.0,4.6,26.89,75.81,26.92,75.84,03-04-2022,20:50,21:05,Cloudy,Jam,0,Drinks,motorcycle,0.0,No,Metropolitian,25,Food
0x6e2,VADRES06DEL01,,,22.31,73.17,22.42,73.28,02-04-2022,,18:25,,,3,Snack,electric_scooter,0.0,No,Metropolitian,25,Food
0x2bc0,INDORES14DEL01,39.0,4.2,22.76,75.89,22.87,76.0,29-03-2022,18:45,18:50,Fog,Jam,1,Snack,scooter,0.0,No,Metropolitian,39,Food
0x99e7,COIMBRES17DEL01,37.0,4.8,11.03,76.94,11.07,76.98,17-03-2022,14:55,15:05,Sunny,Jam,2,Meal,scooter,0.0,No,Metropolitian,18,Food
0x39ef,CHENRES11DEL01,32.0,4.9,13.06,80.24,13.1,80.28,17-03-2022,16:50,0.708333333,Sandstorms,Jam,2,Drinks,motorcycle,1.0,No,Metropolitian,28,Grocery
0xe264,KNPRES17DEL02,22.0,4.5,26.48,80.32,26.53,80.37,15-02-2022,22:20,22:35,Sandstorms,Low,1,Drinks,scooter,1.0,No,Metropolitian,18,Grocery
0xbd03,COIMBRES12DEL02,23.0,4.9,11.0,76.98,11.13,77.11,18-03-2022,1,24:15:00,Windy,Low,1,Meal,scooter,0.0,No,Metropolitian,18,Food
0x9a29,RANCHIRES04DEL01,33.0,4.7,23.36,85.33,23.47,85.44,08-03-2022,21:10,21:20,Fog,Jam,1,Snack,scooter,1.0,No,Metropolitian,49,Food
0xd0e5,KOLRES17DEL03,23.0,,22.57,88.43,22.6,88.46,17-02-2022,23:25,23:35,Sunny,Jam,0,Drinks,motorcycle,0.0,No,Metropolitian,15,Grocery
0xa480,BANGRES19DEL02,27.0,4.6,12.91,77.68,12.99,77.76,31-03-2022,23:30,23:35,Sunny,Jam,0,Drinks,motorcycle,1.0,No,Metropolitian,21,Grocery
0xb46c,MUMRES17DEL01,34.0,4.7,19.12,72.91,19.16,72.95,01-03-2022,14:20,14:35,Sunny,Jam,2,Snack,scooter,0.0,No,Metropolitian,23,Food
0x7150,SURRES14DEL01,26.0,5.0,21.16,72.77,21.17,72.78,03-04-2022,10:15,10:25,Fog,Jam,2,Meal,scooter,1.0,No,Urban,11,Food
0x1e58,VADRES14DEL03,31.0,4.6,22.31,73.17,22.37,73.23,24-03-2022,21:20,21:35,Cloudy,Jam,0,Snack,motorcycle,0.0,No,Metropolitian,25,Food
0x4460,PUNERES09DEL02,32.0,4.9,18.54,73.9,18.56,73.92,07-03-2022,08:50,08:55,Fog,Jam,2,Snack,motorcycle,0.0,No,Metropolitian,18,Food
0x977d,INDORES19DEL02,27.0,4.7,22.75,75.89,22.77,75.91,09-03-2022,0.375,09:05,Cloudy,Jam,1,Buffet,motorcycle,0.0,No,Metropolitian,14,Food
0x1602,BANGRES010DEL03,21.0,4.9,12.93,77.61,13.02,77.7,12-03-2022,17:45,0.75,Windy,Jam,0,Drinks,motorcycle,2.0,No,Metropolitian,36,Food
0x894e,BANGRES12DEL02,28.0,4.8,12.94,77.63,12.99,77.68,24-03-2022,23:10,23:15,Fog,Jam,1,Drinks,motorcycle,,No,Metropolitian,18,Food
0x5a01,VADRES04DEL01,24.0,4.9,0.0,0.0,0.04,0.04,30-03-2022,16:35,16:50,Fog,Jam,1,Meal,scooter,1.0,No,Urban,17,Food
0x655,HYDRES14DEL01,33.0,4.4,17.43,78.41,17.44,78.42,05-03-2022,08:30,08:40,Sandstorms,Low,0,Snack,motorcycle,1.0,No,Metropolitian,28,Food
0x20f6,BANGRES11DEL03,20.0,4.6,12.93,77.62,13.02,77.71,18-03-2022,20:35,20:50,Fog,Jam,0,Buffet,motorcycle,0.0,Yes,Metropolitian,44,Food
0x3db1,COIMBRES13DEL03,31.0,4.3,11.0,76.98,11.06,77.04,13-03-2022,23:25,23:40,Windy,Jam,0,Snack,motorcycle,1.0,No,Metropolitian,20,Food
0x1ec7,PUNERES05DEL03,,,18.54,73.91,18.57,73.94,09-03-2022,,23:40,Stormy,Jam,2,Snack,scooter,0.0,No,,19,Food
0x8ed2,VADRES20DEL01,36.0,5.0,22.31,73.16,22.38,73.23,31-03-2022,19:55,20:05,Fog,Jam,1,Snack,motorcycle,1.0,No,Metropolitian,35,Food
0x64cc,CHENRES19DEL01,31.0,4.2,12.99,80.22,13.1,80.33,23-03-2022,21:20,21:30,Sandstorms,Jam,0,Meal,motorcycle,1.0,No,Metropolitian,50,Food
0x2ed0,HYDRES02DEL03,39.0,4.1,17.41,78.45,17.47,78.51,24-03-2022,21:45,21:50,Stormy,Jam,1,Meal,scooter,1.0,No,Metropolitian,34,Food
0x4008,SURRES010DEL02,29.0,4.6,21.17,72.79,21.25,72.87,12-03-2022,19:40,19:55,Sunny,Jam,2,Meal,electric_scooter,,No,Metropolitian,17,Food
0x7553,SURRES03DEL01,29.0,4.6,21.19,72.79,21.23,72.83,03-03-2022,14:50,0.625,Sandstorms,Jam,1,Snack,scooter,0.0,No,Urban,23,Food
0x35d8,COIMBRES17DEL03,37.0,4.9,11.03,76.94,11.06,76.97,09-03-2022,18:10,18:20,Fog,Jam,0,Buffet,motorcycle,1.0,No,Metropolitian,27,Food
0x9832,VADRES08DEL01,33.0,4.7,0.0,0.0,0.04,0.04,17-03-2022,12:20,12:30,Cloudy,Jam,0,Snack,motorcycle,0.0,No,Urban,26,Food
0x4c88,MUMRES08DEL01,31.0,3.9,19.07,72.83,19.14,72.9,18-03-2022,23:40,23:50,Cloudy,Jam,1,Buffet,scooter,1.0,No,Metropolitian,35,Food
0x9693,VADRES18DEL01,37.0,4.6,0.0,0.0,0.04,0.04,19-03-2022,12:50,12:55,Windy,Jam,0,Drinks,motorcycle,1.0,No,Urban,41,Food
0x81a5,BANGRES04DEL03,26.0,4.4,12.98,77.64,13.04,77.7,07-03-2022,23:20,23:30,Sandstorms,Jam,0,Buffet,motorcycle,0.0,No,,23,Food
0xae56,COIMBRES02DEL01,24.0,4.6,11.02,77.0,11.13,77.11,04-03-2022,17:50,0.75,Stormy,Jam,0,Snack,motorcycle,0.0,No,Metropolitian,30,Food
0x8d18,RANCHIRES12DEL02,23.0,4.8,0.0,0.0,0.02,0.02,03-04-2022,10:25,10:35,Windy,Jam,1,Buffet,scooter,1.0,No,Metropolitian,19,Food
0x9cba,VADRES18DEL01,36.0,4.9,0.0,0.0,0.01,0.01,11-03-2022,09:10,09:25,Windy,Low,1,Buffet,scooter,1.0,No,Metropolitian,27,Food
0x9b79,MYSRES13DEL01,39.0,4.8,12.31,76.66,12.35,76.7,01-04-2022,12:30,12:45,Cloudy,Low,0,Snack,motorcycle,1.0,No,Metropolitian,28,Food
0x596a,COIMBRES03DEL02,20.0,4.7,11.03,77.02,11.11,77.1,20-03-2022,17:10,17:20,Sandstorms,Jam,0,Drinks,motorcycle,1.0,No,Metropolitian,24,Grocery
0x78aa,MYSRES16DEL02,20.0,5.0,12.32,76.6,12.45,76.73,31-03-2022,19:15,19:30,Cloudy,Jam,0,Meal,motorcycle,1.0,No,Urban,36,Food
0xd7ec,KOLRES04DEL03,29.0,4.3,22.54,88.36,22.6,88.42,13-02-2022,23:50,23:55,Sandstorms,Jam,0,Buffet,motorcycle,0.0,No,Metropolitian,28,Food
0x55b1,COIMBRES11DEL01,36.0,4.8,11.0,76.99,11.11,77.1,29-03-2022,18:45,18:50,Fog,Jam,2,Drinks,motorcycle,1.0,No,Urban,31,Food
0x87e4,VADRES13DEL03,36.0,4.0,22.31,73.16,22.4,73.25,16-03-2022,20:40,20:45,Sunny,Jam,0,Meal,motorcycle,3.0,No,Metropolitian,44,Food
0x82c3,RANCHIRES04DEL02,22.0,4.8,23.36,85.33,23.44,85.41,14-03-2022,22:10,22:25,Windy,Low,1,Drinks,scooter,1.0,No,Metropolitian,15,Food
0x5397,PUNERES18DEL01,38.0,4.4,18.59,73.79,18.66,73.86,31-03-2022,17:20,17:25,Windy,Jam,0,Buffet,motorcycle,1.0,No,Metropolitian,33,Food
0x876b,SURRES01DEL02,39.0,4.9,21.19,72.79,21.24,72.84,17-03-2022,19:55,20:10,Fog,Jam,0,Buffet,motorcycle,0.0,No,Metropolitian,30,Food
0x3a5a,INDORES08DEL02,24.0,4.9,22.73,75.9,22.78,75.95,28-03-2022,18:15,18:25,Stormy,Jam,1,Snack,scooter,1.0,No,Metropolitian,22,Food
0x51e4,VADRES18DEL01,30.0,4.1,0.0,0.0,0.07,0.07,04-04-2022,23:50,1,Fog,Jam,0,Snack,motorcycle,0.0,No,Metropolitian,43,Food
0x5631,HYDRES18DEL03,35.0,4.8,17.45,78.38,17.54,78.47,04-03-2022,17:25,17:35,Fog,Jam,0,Meal,motorcycle,3.0,No,Metropolitian,48,Food
0x1dac,CHENRES07DEL03,33.0,4.5,13.08,80.25,13.17,80.34,04-03-2022,23:45,1,Stormy,Low,2,Drinks,electric_scooter,1.0,No,Metropolitian,19,Grocery
0xde01,KOCRES010DEL01,39.0,4.7,10.04,76.34,10.11,76.41,14-02-2022,18:30,18:35,Windy,Jam,1,Snack,motorcycle,1.0,No,Urban,21,Food
0x8771,VADRES11DEL02,31.0,4.3,22.31,73.17,22.39,73.25,25-03-2022,21:35,21:45,Windy,Jam,1,Drinks,motorcycle,0.0,No,Metropolitian,44,Food
0x3645,CHENRES20DEL01,37.0,4.5,12.98,80.22,12.99,80.23,17-03-2022,08:40,08:55,Windy,Jam,2,Drinks,scooter,0.0,No,Metropolitian,26,Food
0x1ff1,MYSRES04DEL03,37.0,4.7,12.31,76.67,12.34,76.7,01-04-2022,22:35,22:40,Windy,Jam,1,Buffet,scooter,1.0,No,Metropolitian,26,Food
0x4a3c,MUMRES13DEL01,33.0,5.0,19.18,72.83,19.19,72.84,19-03-2022,11:45,11:50,Windy,Jam,1,Meal,motorcycle,1.0,No,Metropolitian,31,Food
0x6e0d,RANCHIRES03DEL03,24.0,4.6,0.0,0.0,0.06,0.06,07-03-2022,23:25,23:40,Stormy,Low,2,Meal,scooter,1.0,No,Urban,19,Food
0x6cc6,JAPRES08DEL02,33.0,4.5,26.91,75.78,26.99,75.86,02-03-2022,19:10,19:15,Sunny,Jam,1,Snack,scooter,0.0,No,Metropolitian,18,Food
0xc141,ALHRES12DEL01,39.0,4.7,25.44,81.86,25.51,81.93,16-02-2022,18:45,0.791666667,Fog,Jam,2,Meal,motorcycle,1.0,No,Metropolitian,38,Food
0x690f,RANCHIRES11DEL03,37.0,4.6,23.36,85.33,23.45,85.42,29-03-2022,18:15,18:25,Cloudy,Jam,1,Snack,motorcycle,1.0,No,Metropolitian,32,Food
0xb4ba,HYDRES19DEL02,25.0,4.9,17.46,78.5,17.51,78.55,07-03-2022,22:30,22:35,Sandstorms,Low,2,Meal,scooter,1.0,No,Metropolitian,17,Food
0x63a9,PUNERES17DEL03,28.0,4.8,18.53,73.83,18.59,73.89,03-03-2022,0.791666667,19:05,Fog,Jam,1,Buffet,scooter,1.0,No,Urban,11,Food
0x88dd,MYSRES010DEL01,38.0,4.7,12.32,76.62,12.36,76.66,30-03-2022,13:10,13:20,Windy,Jam,2,Buffet,motorcycle,1.0,No,Metropolitian,31,Food
0x1b58,JAPRES03DEL01,,,26.91,75.8,26.98,75.87,12-03-2022,,17:50,Sandstorms,Jam,0,Drinks,motorcycle,0.0,No,Metropolitian,43,Grocery
0x87a8,MYSRES04DEL03,31.0,4.6,12.31,76.67,12.37,76.73,19-03-2022,17:55,18:05,Windy,Jam,0,Meal,motorcycle,0.0,No,Metropolitian,25,Food
0x3f8d,MUMRES06DEL03,25.0,4.8,19.06,72.83,19.12,72.89,15-03-2022,19:50,20:05,Cloudy,Jam,2,Snack,motorcycle,1.0,No,Metropolitian,22,Food
0x290c,MYSRES18DEL01,35.0,4.9,12.34,76.62,12.41,76.69,02-03-2022,21:15,21:20,Fog,Jam,0,Drinks,motorcycle,3.0,No,Metropolitian,43,Grocery
0x7ece,RANCHIRES18DEL01,39.0,4.7,23.35,85.32,23.42,85.39,31-03-2022,19:35,19:45,Fog,Jam,0,Buffet,motorcycle,1.0,Yes,Metropolitian,42,Food
0x1365,INDORES06DEL02,38.0,3.9,22.73,75.88,22.81,75.96,06-03-2022,19:10,19:20,Stormy,Jam,1,Meal,motorcycle,0.0,No,Metropolitian,42,Food
0x33a4,CHENRES15DEL03,35.0,4.7,13.03,80.28,13.06,80.31,21-03-2022,21:20,21:30,Fog,Jam,1,Drinks,motorcycle,1.0,No,Metropolitian,34,Grocery
0x8f3c,JAPRES07DEL02,29.0,4.7,26.77,75.84,26.79,75.86,01-03-2022,09:50,10:05,Sandstorms,Jam,1,Snack,motorcycle,1.0,No,Metropolitian,17,Food
0x2fe1,SURRES18DEL03,27.0,4.6,21.15,72.78,21.18,72.81,24-03-2022,20:35,20:40,Stormy,Jam,1,Snack,scooter,0.0,No,Metropolitian,25,Food
0x4b5b,MYSRES04DEL03,38.0,4.3,12.31,76.67,12.4,76.76,04-04-2022,21:15,21:25,Sandstorms,Jam,0,Meal,motorcycle,1.0,Yes,Semi-Urban,54,Food
0x7405,SURRES19DEL01,36.0,4.9,21.15,72.77,21.22,72.84,02-03-2022,0.958333333,23:15,Windy,Jam,2,Buffet,motorcycle,0.0,No,Metropolitian,21,Food
0x6245,HYDRES04DEL01,26.0,4.0,17.41,78.33,17.45,78.37,01-04-2022,0.625,15:10,Cloudy,Jam,1,Buffet,motorcycle,,No,Metropolitian,34,Food
0xd02b,KNPRES16DEL03,26.0,4.1,26.48,80.32,26.57,80.41,12-02-2022,19:45,19:50,Fog,Jam,2,Meal,motorcycle,1.0,No,Metropolitian,36,Food
0x1f0e,MYSRES12DEL03,36.0,4.9,12.28,76.63,12.34,76.69,05-04-2022,17:45,17:55,Sunny,Jam,1,Drinks,motorcycle,0.0,No,Metropolitian,17,Grocery
0x7085,JAPRES09DEL01,21.0,4.7,26.91,75.79,26.92,75.8,03-03-2022,0.375,09:10,Sunny,Jam,0,Meal,motorcycle,1.0,No,Metropolitian,16,Food
0x57fa,CHENRES04DEL02,35.0,4.7,13.03,80.21,13.11,80.29,06-04-2022,0.833333333,20:05,Sunny,Jam,2,Meal,electric_scooter,1.0,No,Metropolitian,27,Food
0x57fc,MYSRES09DEL01,20.0,4.5,12.32,76.63,12.36,76.67,17-03-2022,12:50,12:55,Fog,Jam,2,Meal,motorcycle,1.0,No,Metropolitian,26,Food
0x7a1f,PUNERES19DEL03,23.0,4.6,18.56,73.92,18.65,74.01,31-03-2022,21:40,21:55,Fog,Jam,0,Snack,motorcycle,2.0,Yes,Metropolitian,46,Food
0xceac,KOLRES18DEL03,37.0,5.0,22.57,88.43,22.63,88.49,17-02-2022,19:55,20:05,Sunny,Jam,0,Buffet,motorcycle,0.0,No,Metropolitian,29,Food
0xa0a5,BANGRES14DEL03,26.0,4.8,12.95,77.7,13.01,77.76,09-03-2022,19:35,19:40,Sandstorms,Jam,0,Snack,motorcycle,1.0,No,Metropolitian,23,Food
0x892d,SURRES09DEL02,29.0,5.0,21.18,72.8,21.26,72.88,27-03-2022,22:35,22:50,Sandstorms,Jam,1,Snack,scooter,,No,Urban,11,Food
0x6118,INDORES09DEL01,26.0,4.9,22.73,75.89,22.84,76.0,25-03-2022,17:10,17:25,Stormy,Jam,1,Snack,motorcycle,0.0,No,Metropolitian,28,Food
0x46fd,PUNERES09DEL03,29.0,4.8,18.54,73.9,18.6,73.96,11-03-2022,19:35,19:40,Cloudy,Jam,0,Meal,motorcycle,1.0,No,Metropolitian,25,Food
0x5134,RANCHIRES01DEL02,29.0,4.7,23.42,85.32,23.44,85.34,03-03-2022,10:30,10:45,Sandstorms,Jam,2,Snack,motorcycle,0.0,No,Metropolitian,11,Food
0xd418,LUDHRES010DEL03,21.0,4.9,30.89,75.82,30.92,75.85,15-02-2022,18:10,18:20,Windy,Jam,1,Meal,scooter,1.0,No,Metropolitian,26,Food
0x256c,MYSRES13DEL02,22.0,4.3,12.31,76.66,12.33,76.68,07-03-2022,10:10,10:25,Stormy,Jam,0,Meal,motorcycle,1.0,No,Metropolitian,23,Food
0x6055,JAPRES18DEL02,31.0,4.0,26.91,75.75,26.99,75.83,18-03-2022,17:50,18:05,Fog,Jam,1,Snack,motorcycle,2.0,No,Metropolitian,39,Food
0x7bfb,COIMBRES11DEL02,20.0,4.5,11.0,76.99,11.02,77.01,03-04-2022,08:50,0.375,Fog,Jam,1,Snack,motorcycle,0.0,No,,11,Food
0x7220,VADRES13DEL02,30.0,3.9,22.31,73.16,22.39,73.24,06-04-2022,19:55,20:10,Stormy,Jam,2,Drinks,electric_scooter,,No,Metropolitian,32,Food
0x1568,BANGRES01DEL01,36.0,4.8,12.93,77.62,13.0,77.69,06-03-2022,17:55,18:10,Fog,Jam,0,Snack,motorcycle,1.0,No,Metropolitian,43,Food
0x41ea,MYSRES08DEL01,24.0,4.7,12.3,76.67,12.34,76.71,19-03-2022,15:30,15:40,Fog,Jam,1,Buffet,scooter,,No,Metropolitian,13,Food
0x1c60,MYSRES15DEL01,32.0,4.7,12.35,76.61,12.36,76.62,21-03-2022,09:40,09:50,Windy,Jam,2,Buffet,electric_scooter,0.0,No,Metropolitian,25,Food
0x7944,CHENRES02DEL03,25.0,5.0,13.09,80.22,13.15,80.28,19-03-2022,18:20,18:25,Windy,Jam,1,Drinks,motorcycle,0.0,No,Metropolitian,27,Food
0x77ee,HYDRES12DEL01,27.0,4.5,17.43,78.39,17.47,78.43,28-03-2022,15:35,15:50,Windy,Jam,2,Drinks,scooter,1.0,No,Metropolitian,29,Food
0x2192,BANGRES07DEL01,32.0,4.1,12.98,77.64,13.05,77.71,29-03-2022,18:15,18:30,Sandstorms,Jam,0,Buffet,motorcycle,1.0,No,Metropolitian,33,Food
0x48c7,CHENRES09DEL01,23.0,4.7,13.04,80.26,13.08,80.3,17-03-2022,16:55,0.708333333,Fog,Jam,1,Drinks,motorcycle,1.0,No,Urban,19,Grocery
0x78bf,BANGRES04DEL02,39.0,4.4,12.98,77.64,13.11,77.77,29-03-2022,18:10,18:15,Sunny,Jam,0,Meal,motorcycle,1.0,No,Metropolitian,33,Food
0x7a5a,VADRES04DEL03,20.0,4.8,0.0,0.0,0.06,0.06,21-03-2022,19:15,19:20,Fog,Jam,1,Snack,motorcycle,1.0,No,Metropolitian,28,Food
0x4321,JAPRES13DEL02,20.0,4.8,26.85,75.8,26.93,75.88,04-03-2022,18:25,18:35,Windy,Jam,2,Drinks,electric_scooter,0.0,No,,15,Grocery
0xe00d,ALHRES07DEL03,29.0,4.6,25.45,81.84,25.48,81.87,15-02-2022,20:30,20:45,Stormy,Jam,1,Meal,scooter,1.0,No,Metropolitian,29,Food
0x1e86,JAPRES06DEL03,26.0,4.9,26.91,75.8,27.05,75.94,29-03-2022,22:55,0.958333333,Stormy,Jam,2,Meal,scooter,1.0,No,Metropolitian,18,Food
0xcff0,KOCRES03DEL01,25.0,5.0,10.02,76.31,10.03,76.32,13-02-2022,10:55,0.458333333,Stormy,Jam,1,Meal,motorcycle,1.0,No,Metropolitian,14,Food
0x1e2d,BANGRES13DEL01,34.0,4.7,12.94,77.61,12.98,77.65,03-04-2022,0.666666667,16:15,Windy,Jam,1,Snack,motorcycle,1.0,No,Metropolitian,30,Food
0xd072,GOARES02DEL01,31.0,4.9,15.59,73.74,15.63,73.78,13-02-2022,14:50,15:05,Sunny,Jam,0,Snack,motorcycle,0.0,No,Metropolitian,28,Food
0x9a57,RANCHIRES03DEL02,24.0,4.7,0.0,0.0,0.13,0.13,16-03-2022,20:20,20:25,Fog,Jam,0,Snack,motorcycle,1.0,No,Metropolitian,39,Food
0x427b,HYDRES12DEL03,30.0,4.9,17.43,78.39,17.52,78.48,02-04-2022,0.791666667,19:15,Cloudy,Jam,2,Meal,motorcycle,0.0,No,Metropolitian,30,Food
0x52e2,JAPRES07DEL02,36.0,4.8,26.77,75.84,26.9,75.97,20-03-2022,18:15,18:20,Sandstorms,Jam,0,Buffet,motorcycle,1.0,No,Metropolitian,36,Food
0x9395,JAPRES13DEL03,36.0,4.4,26.85,75.8,26.99,75.94,29-03-2022,23:35,23:50,Fog,Jam,0,Snack,motorcycle,,No,Metropolitian,37,Food
0xb5d2,JAPRES18DEL03,26.0,4.7,26.91,75.75,27.05,75.89,04-03-2022,19:35,19:40,Cloudy,Jam,0,Meal,motorcycle,1.0,No,Metropolitian,43,Food
0x6c4d,VADRES05DEL01,30.0,4.6,22.31,73.17,22.42,73.28,27-03-2022,23:35,23:45,Sunny,Low,2,Buffet,scooter,1.0,No,,29,Food
0xd1c8,AURGRES02DEL03,20.0,4.8,0.0,0.0,0.03,0.03,11-02-2022,0.75,18:15,Stormy,Jam,2,Drinks,scooter,1.0,No,Metropolitian,25,Food
0x98ca,BANGRES17DEL02,33.0,4.7,12.97,77.61,13.02,77.66,09-03-2022,18:10,18:25,Fog,Jam,2,Buffet,electric_scooter,1.0,No,Urban,15,Food
0x1b5b,RANCHIRES14DEL01,,,0.0,0.0,0.07,0.07,02-03-2022,,20:50,Sandstorms,Jam,1,Snack,scooter,0.0,No,Metropolitian,24,Food
0x644b,MUMRES20DEL03,34.0,4.0,19.1,72.85,19.19,72.94,12-03-2022,21:10,21:15,Windy,Jam,0,Snack,motorcycle,2.0,No,Metropolitian,39,Food
0x7a2d,HYDRES14DEL02,36.0,4.6,17.43,78.41,17.51,78.49,04-04-2022,23:40,23:50,Windy,Jam,0,Buffet,motorcycle,1.0,No,Metropolitian,20,Food
0xe13f,KNPRES02DEL02,33.0,4.6,26.47,80.31,26.49,80.33,11-02-2022,0.458333333,11:10,Fog,Low,1,Buffet,motorcycle,1.0,No,Metropolitian,15,Food
0xc278,AURGRES19DEL01,22.0,4.8,19.87,75.32,19.98,75.43,18-02-2022,22:45,0.958333333,Sandstorms,Low,1,Drinks,motorcycle,1.0,No,Metropolitian,16,Food
0x5912,PUNERES18DEL01,38.0,4.7,18.59,73.79,18.6,73.8,19-03-2022,0.458333333,11:15,Sunny,Jam,2,Drinks,scooter,1.0,No,Metropolitian,19,Food
0xab33,BANGRES08DEL02,27.0,4.9,12.91,77.6,12.99,77.68,02-03-2022,23:25,23:40,Fog,Jam,2,Drinks,scooter,0.0,No,Metropolitian,20,Food
0xdd96,KNPRES16DEL01,32.0,4.8,26.48,80.32,26.55,80.39,14-02-2022,0.875,21:10,Sunny,Jam,2,Meal,scooter,1.0,No,Metropolitian,25,Food
0x7646,BANGRES010DEL02,26.0,4.8,12.93,77.61,13.01,77.69,27-03-2022,19:30,19:40,Cloudy,Jam,0,Snack,motorcycle,1.0,No,Metropolitian,43,Food
0x5ef5,INDORES03DEL02,29.0,4.5,22.75,75.87,22.88,76.0,04-03-2022,22:55,23:05,Windy,Jam,0,Drinks,motorcycle,0.0,No,Urban,15,Grocery
0x7ef7,COIMBRES16DEL02,31.0,4.5,11.01,76.95,11.09,77.03,06-04-2022,20:25,20:40,Sunny,Jam,0,Buffet,motorcycle,0.0,No,Urban,29,Food
0x1136,HYDRES20DEL01,28.0,4.6,17.48,78.55,17.52,78.59,26-03-2022,12:35,12:50,Stormy,Jam,2,Drinks,motorcycle,0.0,No,Metropolitian,14,Food
0xd032,AGRRES08DEL03,21.0,4.8,27.16,78.04,27.22,78.1,11-02-2022,18:55,0.791666667,Sunny,Jam,1,Buffet,motorcycle,1.0,No,Metropolitian,11,Food
0x199d,COIMBRES15DEL02,21.0,4.0,11.01,76.95,11.06,77.0,28-03-2022,22:45,22:50,Sandstorms,Jam,0,Buffet,motorcycle,,No,Metropolitian,19,Food
0x871c,RANCHIRES12DEL02,30.0,4.9,0.0,0.0,0.08,0.08,18-03-2022,23:45,23:55,Windy,Jam,1,Drinks,motorcycle,1.0,No,Metropolitian,29,Grocery
0xcf18,ALHRES05DEL01,29.0,4.7,25.46,81.84,25.5,81.88,11-02-2022,15:25,15:30,Cloudy,Jam,2,Buffet,motorcycle,1.0,No,Urban,11,Food
0x1dad,MUMRES01DEL01,20.0,4.8,19.13,72.83,19.14,72.84,28-03-2022,11:30,11:40,Sunny,Jam,1,Snack,motorcycle,0.0,No,Metropolitian,14,Food
0xc918,AURGRES14DEL03,28.0,5.0,19.88,75.32,19.97,75.41,16-02-2022,22:35,22:45,Windy,Jam,0,Snack,motorcycle,0.0,No,Urban,15,Food
0x33c1,MUMRES13DEL01,25.0,4.7,19.18,72.83,19.25,72.9,16-03-2022,23:35,23:45,Sandstorms,Jam,0,Meal,motorcycle,1.0,No,Metropolitian,16,Food
0x1b50,PUNERES16DEL01,,,18.54,73.83,18.65,73.94,08-03-2022,,21:25,,,3,Buffet,motorcycle,1.0,Yes,Urban,43,Food
0x27fe,CHENRES14DEL02,38.0,4.8,13.03,80.17,13.05,80.19,28-03-2022,10:25,10:30,Stormy,Low,1,Buffet,motorcycle,1.0,No,Metropolitian,20,Food
0x1536,HYDRES06DEL03,39.0,4.9,17.46,78.38,17.49,78.41,03-03-2022,22:20,22:30,Stormy,Jam,1,Drinks,motorcycle,1.0,No,Metropolitian,26,Grocery
0xa152,SURRES18DEL03,26.0,4.9,21.15,72.78,21.21,72.84,13-03-2022,17:15,17:20,Windy,Jam,1,Snack,scooter,0.0,No,Metropolitian,26,Food
0x9c9a,COIMBRES02DEL01,33.0,4.4,11.02,77.0,11.09,77.07,14-03-2022,21:30,21:45,Windy,Jam,1,Meal,motorcycle,0.0,No,Urban,43,Food
0x3052,VADRES13DEL03,24.0,4.6,22.31,73.16,22.37,73.22,01-03-2022,18:40,18:50,Sandstorms,Jam,0,Snack,motorcycle,1.0,No,Urban,25,Food
0x1045,COIMBRES16DEL01,24.0,4.9,11.01,76.95,11.05,76.99,21-03-2022,15:10,15:20,Fog,Jam,0,Buffet,motorcycle,1.0,No,Metropolitian,28,Food
0x2391,INDORES13DEL03,33.0,4.5,22.75,75.89,22.84,75.98,10-03-2022,22:50,23:05,Stormy,Low,2,Buffet,scooter,0.0,No,Metropolitian,17,Food
0x7ddd,INDORES12DEL03,35.0,4.2,22.75,75.89,22.84,75.98,20-03-2022,19:30,19:40,Windy,Jam,1,Drinks,motorcycle,1.0,No,Metropolitian,44,Grocery
0x279f,MUMRES13DEL03,27.0,4.2,19.18,72.83,19.27,72.92,06-04-2022,20:30,20:35,Stormy,Jam,0,Buffet,motorcycle,1.0,No,Metropolitian,33,Food
0xe76,CHENRES06DEL02,,,13.05,80.26,13.1,80.31,15-03-2022,18:35,18:40,Cloudy,Jam,1,Snack,scooter,1.0,No,Urban,19,Food
0xaefa,BANGRES06DEL03,29.0,4.5,12.98,77.64,13.01,77.67,03-04-2022,18:45,18:50,Sunny,Jam,0,Snack,motorcycle,0.0,No,Metropolitian,15,Food
0xdad6,AGRRES11DEL02,34.0,4.7,27.16,78.06,27.29,78.19,12-02-2022,23:10,23:20,Fog,Jam,1,Buffet,scooter,1.0,No,Metropolitian,27,Food
0xc237,KNPRES15DEL02,20.0,4.7,26.48,80.32,26.5,80.34,11-02-2022,11:10,11:25,Cloudy,Jam,2,Meal,scooter,1.0,No,Metropolitian,25,Food
0x4efc,VADRES13DEL01,29.0,4.8,22.31,73.16,22.35,73.2,05-04-2022,13:50,13:55,Sunny,Jam,1,Drinks,motorcycle,1.0,No,Metropolitian,18,Food
0x6e33,VADRES01DEL03,22.0,4.9,22.31,73.17,22.37,73.23,05-04-2022,18:40,18:45,Stormy,Jam,2,Snack,scooter,0.0,No,Metropolitian,21,Food
0xd92f,AGRRES03DEL01,35.0,4.9,27.16,78.01,27.23,78.08,18-02-2022,21:15,21:30,Cloudy,Jam,0,Buffet,motorcycle,2.0,No,Metropolitian,53,Food
0xd902,KOCRES14DEL01,32.0,4.4,10.03,76.31,10.14,76.42,12-02-2022,21:45,21:55,Sandstorms,Jam,0,Drinks,motorcycle,3.0,No,Metropolitian,42,Grocery
0xd91a,LUDHRES18DEL01,28.0,4.9,30.89,75.83,31.0,75.94,14-02-2022,21:20,21:35,Sunny,Jam,2,Snack,motorcycle,1.0,No,Metropolitian,20,Food
0x4f0c,COIMBRES14DEL02,30.0,4.7,11.0,76.98,11.13,77.11,02-03-2022,22:45,22:55,Fog,Jam,1,Meal,scooter,0.0,No,Metropolitian,29,Food
0x8456,CHENRES19DEL01,22.0,4.7,12.99,80.22,13.1,80.33,04-04-2022,20:10,20:20,Stormy,Jam,2,Snack,scooter,0.0,No,Urban,15,Food
0x3329,COIMBRES15DEL02,36.0,4.7,11.01,76.95,11.06,77.0,09-03-2022,18:20,18:35,Fog,Jam,0,Buffet,motorcycle,1.0,No,Metropolitian,30,Food
0x1aa8,SURRES20DEL02,23.0,4.8,21.15,72.78,21.28,72.91,12-03-2022,20:40,20:45,Windy,Jam,0,Snack,motorcycle,1.0,No,Metropolitian,28,Food
0x144d,INDORES18DEL02,22.0,4.8,22.75,75.9,22.77,75.92,01-04-2022,0.416666667,10:05,Stormy,Jam,2,Drinks,motorcycle,1.0,No,,19,Food
0xd27b,AURGRES04DEL02,29.0,4.5,19.88,75.34,20.01,75.47,18-02-2022,22:30,22:40,Sandstorms,Jam,2,Meal,motorcycle,1.0,No,Metropolitian,15,Food
0xadd6,CHENRES01DEL01,34.0,4.9,13.01,80.25,13.12,80.36,23-03-2022,21:50,22:05,Sandstorms,Jam,0,Buffet,motorcycle,3.0,Yes,Urban,50,Food
0x7c60,BANGRES010DEL01,38.0,4.1,12.93,77.61,12.94,77.62,05-03-2022,11:50,11:55,Stormy,Jam,0,Buffet,motorcycle,1.0,Yes,Metropolitian,41,Food
0x4fb8,VADRES09DEL01,35.0,5.0,0.0,0.0,0.07,0.07,27-03-2022,17:25,17:35,Fog,Jam,0,Snack,motorcycle,1.0,No,Metropolitian,37,Food
0x1406,VADRES15DEL03,38.0,4.7,0.0,0.0,0.06,0.06,19-03-2022,21:55,22:10,Cloudy,Jam,2,Drinks,scooter,1.0,No,Metropolitian,28,Grocery
0xc63e,DEHRES010DEL01,32.0,4.3,30.33,78.05,30.4,78.12,16-02-2022,18:40,18:55,Cloudy,Jam,1,Meal,scooter,2.0,No,Metropolitian,35,Food
0x7b03,BANGRES07DEL01,20.0,4.5,12.98,77.64,13.05,77.71,02-03-2022,20:25,20:35,Windy,Jam,2,Buffet,motorcycle,1.0,No,Metropolitian,27,Food
0x4314,CHENRES05DEL02,25.0,4.9,13.06,80.26,13.14,80.34,02-03-2022,21:45,21:50,Fog,Jam,0,Buffet,motorcycle,2.0,No,Metropolitian,43,Food
0x9e5a,JAPRES06DEL03,29.0,4.5,26.91,75.8,26.97,75.86,05-04-2022,22:20,22:30,Fog,Low,2,Meal,scooter,0.0,No,,12,Food
0xc044,AGRRES12DEL03,32.0,4.7,-27.17,78.02,27.23,78.08,13-02-2022,20:55,21:10,Sandstorms,Jam,2,Meal,scooter,1.0,No,Metropolitian,31,Food
0xd7d3,DEHRES12DEL02,39.0,4.1,0.0,0.0,0.13,0.13,14-02-2022,21:35,21:40,Cloudy,Jam,1,Drinks,motorcycle,2.0,No,Metropolitian,39,Grocery
0x70b1,VADRES01DEL01,31.0,4.4,22.31,73.17,22.42,73.28,20-03-2022,21:15,21:20,Stormy,Jam,0,Buffet,motorcycle,1.0,No,Urban,47,Food
0x59e5,SURRES13DEL02,37.0,4.5,21.17,72.79,21.22,72.84,11-03-2022,23:30,23:35,Fog,Jam,0,Buffet,motorcycle,1.0,No,Urban,26,Food
0xdeac,LUDHRES05DEL03,36.0,4.9,30.91,75.83,31.0,75.92,18-02-2022,17:15,17:30,Cloudy,Jam,2,Snack,electric_scooter,1.0,No,Metropolitian,31,Food
0xa053,JAPRES16DEL03,37.0,3.8,26.85,75.8,26.99,75.94,04-04-2022,20:45,20:55,Sandstorms,Jam,1,Snack,motorcycle,1.0,No,Metropolitian,42,Food
0x4db,PUNERES02DEL03,,,-18.55,-73.8,18.61,73.86,05-03-2022,,22:05,Stormy,Jam,2,Meal,scooter,0.0,No,Urban,12,Food
0x7031,COIMBRES14DEL01,38.0,4.9,11.0,76.98,11.04,77.02,09-03-2022,13:30,13:40,Cloudy,Jam,2,Snack,scooter,,No,Metropolitian,25,Food
0xd3bc,AGRRES010DEL02,37.0,4.4,27.16,78.06,27.24,78.14,18-02-2022,0.916666667,22:10,Sandstorms,Jam,0,Drinks,motorcycle,1.0,No,Metropolitian,39,Food
0x8de9,SURRES14DEL03,21.0,4.9,21.16,72.77,21.25,72.86,20-03-2022,23:20,23:30,Fog,Jam,2,Buffet,scooter,1.0,No,,21,Food
0x7c84,JAPRES04DEL03,35.0,4.9,26.9,75.79,26.93,75.82,26-03-2022,18:35,18:40,Fog,Jam,2,Meal,electric_scooter,0.0,No,Metropolitian,18,Food
0x96d2,JAPRES01DEL03,22.0,4.8,26.91,75.81,27.0,75.9,29-03-2022,20:40,20:55,Sandstorms,Jam,1,Snack,scooter,1.0,No,Urban,22,Food
0x77b5,HYDRES010DEL02,28.0,4.8,17.43,78.4,17.45,78.42,01-03-2022,08:25,08:40,Fog,Jam,0,Buffet,motorcycle,1.0,No,Metropolitian,23,Food
0x75dc,MYSRES16DEL02,39.0,4.0,12.32,76.6,12.45,76.73,18-03-2022,17:45,17:55,Stormy,Jam,0,Drinks,motorcycle,0.0,No,Metropolitian,48,Food
0xbe78,BANGRES15DEL02,29.0,4.5,12.98,77.7,13.06,77.78,31-03-2022,22:25,22:40,Windy,Jam,1,Snack,scooter,0.0,No,Urban,13,Food
0x35a2,CHENRES15DEL02,39.0,4.6,13.03,80.28,13.05,80.3,30-03-2022,11:30,11:40,Sandstorms,Jam,2,Drinks,motorcycle,1.0,No,Metropolitian,32,Food
0x416f,MYSRES05DEL02,25.0,4.9,12.32,76.63,12.45,76.76,06-03-2022,21:45,21:50,Sandstorms,Jam,2,Snack,electric_scooter,0.0,No,Urban,16,Food
0xa4f5,COIMBRES03DEL03,34.0,5.0,11.03,77.02,11.06,77.05,05-03-2022,17:25,17:30,Cloudy,Jam,2,Snack,electric_scooter,0.0,No,Urban,19,Food
0xa4eb,BANGRES01DEL02,22.0,4.8,12.93,77.62,12.95,77.64,26-03-2022,09:40,09:45,Sunny,Jam,1,Drinks,motorcycle,1.0,No,Metropolitian,18,Food
0xd4da,KNPRES12DEL01,27.0,5.0,26.49,80.33,26.56,80.4,16-02-2022,20:55,21:05,Windy,Jam,0,Buffet,motorcycle,1.0,No,Metropolitian,27,Food
0xb59b,MUMRES010DEL01,28.0,4.5,19.0,72.83,19.07,72.9,12-03-2022,17:10,17:20,Sunny,Jam,0,Drinks,motorcycle,1.0,No,Urban,25,Food
0x4f73,COIMBRES20DEL03,32.0,5.0,10.99,76.96,11.02,76.99,01-03-2022,18:25,18:40,Stormy,Jam,2,Drinks,scooter,1.0,No,Metropolitian,31,Grocery
0x6a7,RANCHIRES08DEL01,,,23.35,85.33,23.46,85.44,04-04-2022,,19:45,Fog,Jam,2,Drinks,scooter,1.0,No,Metropolitian,39,Grocery
0xadae,HYDRES16DEL01,27.0,4.6,17.44,78.39,17.51,78.46,16-03-2022,17:55,0.75,Sunny,Jam,0,Snack,motorcycle,0.0,No,Metropolitian,20,Food
0xb785,MUMRES01DEL02,35.0,3.9,19.13,72.83,19.21,72.91,29-03-2022,19:55,20:10,Windy,Jam,1,Snack,motorcycle,2.0,No,Metropolitian,38,Food
0x8366,MYSRES08DEL03,22.0,4.6,12.3,76.67,12.33,76.7,05-03-2022,0.958333333,23:05,Windy,Jam,1,Buffet,motorcycle,1.0,No,Metropolitian,19,Food
0xbff2,AURGRES16DEL03,35.0,4.7,0.0,0.0,0.03,0.03,17-02-2022,21:15,21:25,Sunny,Jam,2,Drinks,electric_scooter,1.0,No,Metropolitian,17,Food
0x8f58,VADRES11DEL01,30.0,4.6,22.31,73.17,22.32,73.18,13-03-2022,10:40,10:55,Cloudy,Jam,0,Buffet,motorcycle,0.0,No,Urban,24,Food
0x247c,MYSRES09DEL02,39.0,4.8,12.32,76.63,12.34,76.65,13-03-2022,11:20,11:25,Fog,Jam,2,Drinks,scooter,1.0,No,Urban,26,Food
0x43b9,HYDRES18DEL03,33.0,4.8,17.45,78.38,17.51,78.44,03-04-2022,0.75,18:10,Sandstorms,Jam,2,Meal,motorcycle,1.0,No,Metropolitian,28,Food
0x9e8a,PUNERES05DEL02,20.0,4.7,18.54,73.91,18.62,73.99,23-03-2022,17:10,17:15,Sandstorms,Jam,2,Snack,scooter,1.0,No,Urban,16,Food
0x47af,VADRES04DEL03,20.0,4.7,0.0,0.0,0.03,0.03,01-03-2022,18:25,18:35,Fog,Jam,2,Buffet,motorcycle,0.0,No,Urban,17,Food
0x1b40,MYSRES02DEL03,34.0,4.2,12.3,76.64,12.36,76.7,13-03-2022,23:10,23:15,Windy,Jam,0,Snack,motorcycle,0.0,No,Urban,24,Food
0xb4fb,MYSRES03DEL01,22.0,4.7,12.3,76.64,12.37,76.71,29-03-2022,17:15,17:30,Windy,Jam,0,Meal,motorcycle,,No,Metropolitian,24,Food
0xb50,JAPRES16DEL02,37.0,4.3,26.85,75.8,26.87,75.82,15-03-2022,11:55,12:05,Stormy,Jam,2,Meal,scooter,1.0,No,Metropolitian,34,Food
0x3376,MUMRES010DEL01,20.0,4.8,19.0,72.83,19.01,72.84,09-03-2022,09:30,09:45,Cloudy,Jam,1,Snack,motorcycle,1.0,No,Urban,16,Food
0xbecb,SURRES15DEL02,33.0,4.9,21.16,72.77,21.21,72.82,05-04-2022,22:40,22:50,Windy,Jam,1,Drinks,motorcycle,1.0,No,Metropolitian,26,Grocery
0x4357,INDORES06DEL02,21.0,5.0,22.73,75.88,22.86,76.01,02-04-2022,17:10,17:15,Fog,Jam,1,Drinks,motorcycle,1.0,No,Metropolitian,25,Grocery
0x1486,VADRES06DEL01,33.0,4.6,22.31,73.17,22.38,73.24,10-03-2022,17:10,17:25,Fog,Jam,0,Meal,motorcycle,2.0,No,Metropolitian,49,Food
0x5b70,BANGRES04DEL02,24.0,4.6,12.98,77.64,13.06,77.72,23-03-2022,18:30,18:40,Windy,Jam,2,Snack,electric_scooter,0.0,No,Urban,24,Food
0x490e,RANCHIRES12DEL02,36.0,4.7,0.0,0.0,0.02,0.02,13-03-2022,11:50,0.5,Sandstorms,Jam,2,Meal,scooter,2.0,No,Metropolitian,32,Food
0x3e21,MUMRES19DEL03,30.0,4.6,19.13,72.81,19.16,72.84,07-03-2022,0.791666667,19:10,Sunny,Jam,0,Buffet,motorcycle,1.0,No,Metropolitian,26,Food
0x26d4,HYDRES05DEL03,32.0,4.9,17.43,78.39,17.52,78.48,18-03-2022,23:55,24:10:00,Sandstorms,Jam,1,Buffet,scooter,1.0,No,Metropolitian,24,Food
0xb20f,HYDRES010DEL02,28.0,4.6,17.43,78.4,17.56,78.53,31-03-2022,19:45,19:50,Stormy,Jam,2,Drinks,electric_scooter,0.0,No,Metropolitian,16,Food
0x7ada,JAPRES07DEL02,21.0,4.7,26.77,75.84,26.9,75.97,04-04-2022,20:30,20:40,Windy,Jam,2,Drinks,scooter,1.0,No,Metropolitian,27,Food
0xc4b3,AURGRES12DEL02,39.0,4.9,19.88,75.32,19.9,75.34,17-02-2022,11:10,11:15,Fog,Jam,0,Drinks,motorcycle,1.0,No,Metropolitian,25,Grocery
0x2a01,CHENRES15DEL02,32.0,4.7,13.03,80.28,13.05,80.3,26-03-2022,0.375,09:10,Cloudy,Jam,0,Drinks,motorcycle,0.0,No,Metropolitian,26,Food
0x6357,MUMRES07DEL03,20.0,4.5,19.09,72.83,19.15,72.89,28-03-2022,19:30,19:35,Sandstorms,Jam,1,Buffet,scooter,1.0,No,Urban,25,Food
0x73c,VADRES12DEL03,,,0.0,0.0,0.03,0.03,05-03-2022,,22:40,Fog,Low,0,Meal,motorcycle,1.0,No,Metropolitian,26,Food
0x9c2a,JAPRES16DEL01,36.0,5.0,26.85,75.8,26.86,75.81,15-03-2022,08:20,08:25,Fog,Jam,2,Meal,scooter,1.0,No,Urban,15,Food
0x31bd,BANGRES09DEL02,28.0,4.8,12.93,77.62,12.95,77.64,17-03-2022,0.458333333,11:05,Sunny,Jam,1,Buffet,scooter,1.0,No,Urban,18,Food
0x970a,PUNERES12DEL02,32.0,4.5,18.52,73.83,18.57,73.88,09-03-2022,20:30,20:35,Fog,Jam,0,Buffet,motorcycle,1.0,No,Metropolitian,30,Food
0x2675,CHENRES19DEL01,39.0,4.4,12.99,80.22,13.1,80.33,02-04-2022,19:45,0.833333333,Cloudy,Jam,1,Drinks,scooter,1.0,No,Metropolitian,46,Grocery
0xa200,SURRES07DEL01,30.0,4.7,21.17,72.79,21.28,72.9,29-03-2022,22:25,22:30,Windy,Jam,0,Drinks,motorcycle,1.0,No,Metropolitian,24,Food
0x9bf9,PUNERES19DEL01,32.0,4.4,18.56,73.92,18.6,73.96,05-03-2022,0.666666667,16:05,Sandstorms,Jam,0,Drinks,motorcycle,1.0,No,Metropolitian,37,Food
0x555d,INDORES15DEL03,23.0,4.6,22.76,75.89,22.85,75.98,29-03-2022,21:30,21:35,Windy,Jam,0,Snack,motorcycle,1.0,No,Metropolitian,27,Food
0x5bd9,MUMRES01DEL01,21.0,4.8,19.13,72.83,19.17,72.87,05-03-2022,15:25,15:35,Windy,Jam,2,Buffet,scooter,1.0,No,,27,Food
0xb2e9,INDORES17DEL03,31.0,4.2,22.76,75.89,22.82,75.95,05-03-2022,17:25,17:35,Windy,Jam,2,Meal,electric_scooter,1.0,No,Metropolitian,32,Food
0x8633,MUMRES13DEL02,37.0,4.6,19.18,72.83,19.2,72.85,13-03-2022,11:45,0.5,Stormy,Jam,2,Buffet,electric_scooter,1.0,No,Urban,28,Food
0x4c34,SURRES18DEL02,20.0,4.5,21.15,72.78,21.2,72.83,03-03-2022,20:15,20:20,Sandstorms,Jam,0,Drinks,motorcycle,1.0,No,Metropolitian,29,Grocery
0xa998,JAPRES14DEL01,28.0,4.5,26.89,75.8,26.9,75.81,03-03-2022,10:25,10:35,Sandstorms,Low,0,Snack,motorcycle,1.0,No,Metropolitian,27,Food
0x5efd,MYSRES08DEL01,22.0,4.9,12.3,76.67,12.31,76.68,24-03-2022,08:25,08:30,Cloudy,Jam,1,Snack,motorcycle,0.0,No,Metropolitian,11,Food
0x8d83,HYDRES19DEL03,20.0,4.7,17.46,78.5,17.52,78.56,15-03-2022,17:15,17:20,Cloudy,Jam,1,Buffet,motorcycle,1.0,No,Urban,13,Food
0x8a06,RANCHIRES010DEL02,34.0,4.8,23.35,85.33,23.48,85.46,12-03-2022,22:45,22:50,Windy,Low,1,Buffet,scooter,1.0,No,Metropolitian,27,Food
0x5a2d,CHENRES09DEL01,38.0,4.8,13.04,80.26,13.08,80.3,13-03-2022,12:35,12:40,Windy,Jam,1,Snack,scooter,1.0,No,Metropolitian,25,Food
0x4c1,BANGRES13DEL02,,,12.94,77.61,13.07,77.74,02-03-2022,,24:05:00,,,3,Drinks,scooter,1.0,No,Metropolitian,26,Food
0x83ea,RANCHIRES01DEL01,32.0,4.5,23.42,85.32,23.46,85.36,05-04-2022,12:20,12:25,Cloudy,Jam,2,Buffet,motorcycle,1.0,No,Metropolitian,27,Food
0x2185,PUNERES12DEL01,34.0,4.9,18.52,73.83,18.63,73.94,02-03-2022,22:55,23:05,Sunny,Low,2,Snack,scooter,1.0,No,Metropolitian,26,Food
0x12e7,INDORES07DEL03,33.0,3.9,22.72,75.89,22.81,75.98,08-03-2022,17:25,17:30,Windy,Jam,2,Meal,electric_scooter,1.0,No,Metropolitian,32,Food
0x5956,INDORES19DEL02,34.0,4.5,22.75,75.89,22.77,75.91,21-03-2022,10:35,10:45,Windy,Jam,1,Meal,motorcycle,1.0,No,Metropolitian,25,Food
0x7814,VADRES04DEL03,32.0,4.6,0.0,0.0,0.03,0.03,24-03-2022,21:45,0.916666667,Stormy,Jam,2,Meal,motorcycle,1.0,No,Metropolitian,32,Food
0xcee,BANGRES20DEL01,,,12.97,77.6,13.04,77.67,20-03-2022,,23:05,Sunny,Low,1,Drinks,scooter,2.0,Yes,Metropolitian,42,Food
0x5a07,MYSRES02DEL02,34.0,4.7,12.3,76.64,12.35,76.69,11-03-2022,19:50,20:05,Sunny,Jam,0,Drinks,motorcycle,1.0,No,Metropolitian,29,Food
0x340f,SURRES05DEL01,26.0,4.6,21.18,72.8,21.25,72.87,10-03-2022,19:30,19:35,Cloudy,Jam,1,Buffet,scooter,0.0,No,Metropolitian,32,Food
0x8094,BANGRES13DEL02,31.0,4.0,12.94,77.61,13.02,77.69,12-03-2022,23:45,23:55,Cloudy,Low,0,Drinks,motorcycle,1.0,No,Metropolitian,35,Grocery
0x3241,SURRES010DEL01,39.0,4.8,21.17,72.79,21.21,72.83,19-03-2022,14:50,15:05,Sunny,Jam,0,Drinks,motorcycle,1.0,No,Metropolitian,27,Food
0xde16,ALHRES09DEL01,27.0,4.8,0.0,0.0,0.01,0.01,15-02-2022,08:10,08:20,Sunny,Jam,1,Meal,motorcycle,0.0,No,Metropolitian,15,Food
0xa176,HYDRES18DEL02,32.0,5.0,17.45,78.38,17.5,78.43,09-03-2022,21:55,22:10,Cloudy,Jam,2,Buffet,scooter,1.0,No,Urban,27,Food
0xc8c7,KOLRES03DEL02,32.0,4.5,22.53,88.36,22.58,88.41,13-02-2022,17:10,17:15,Stormy,Jam,0,Meal,motorcycle,1.0,No,Metropolitian,30,Food
0xaa97,RANCHIRES16DEL01,39.0,4.1,23.37,85.33,23.44,85.4,27-03-2022,18:40,18:50,Sunny,Jam,0,Snack,motorcycle,1.0,No,Metropolitian,32,Food
0xa64c,PUNERES12DEL01,36.0,4.8,18.52,73.83,18.53,73.84,21-03-2022,10:15,10:20,Stormy,Jam,2,Meal,electric_scooter,0.0,No,Metropolitian,25,Food
0x7df5,BANGRES16DEL03,37.0,4.1,13.03,77.57,13.06,77.6,15-03-2022,17:45,0.75,Windy,Jam,0,Buffet,motorcycle,1.0,No,Metropolitian,38,Food
0x869e,RANCHIRES01DEL03,37.0,4.8,23.42,85.32,23.48,85.38,26-03-2022,0.875,21:05,Fog,Jam,1,Meal,scooter,1.0,No,Metropolitian,26,Food
0x7725,PUNERES12DEL01,38.0,3.7,18.52,73.83,18.63,73.94,25-03-2022,20:30,20:40,Stormy,Jam,1,Meal,motorcycle,1.0,No,Metropolitian,31,Food
0xb6d2,RANCHIRES01DEL02,28.0,4.7,23.42,85.32,23.44,85.34,01-03-2022,11:40,11:55,Stormy,Jam,2,Drinks,scooter,1.0,No,Metropolitian,28,Grocery
0x6edb,PUNERES06DEL01,34.0,3.8,18.55,73.9,18.66,74.01,10-03-2022,18:40,18:55,Stormy,Jam,1,Meal,scooter,0.0,No,Metropolitian,31,Food
0xaab4,CHENRES15DEL01,32.0,4.9,13.03,80.28,13.14,80.39,27-03-2022,23:15,23:25,Cloudy,Jam,1,Buffet,motorcycle,1.0,No,Metropolitian,29,Food
0xaabd,JAPRES010DEL03,22.0,4.7,26.92,75.79,26.98,75.85,11-03-2022,23:35,23:40,Windy,Jam,1,Buffet,motorcycle,0.0,No,Urban,17,Food
0xc873,KOLRES15DEL03,31.0,4.0,22.55,88.35,22.64,88.44,14-02-2022,17:45,17:55,Windy,Jam,0,Drinks,motorcycle,3.0,Yes,Metropolitian,45,Food
0x1494,MYSRES15DEL02,27.0,4.0,12.35,76.61,12.43,76.69,29-03-2022,0.791666667,19:15,Sandstorms,Jam,0,Meal,motorcycle,1.0,No,Metropolitian,34,Food
0x1875,COIMBRES19DEL01,29.0,4.9,11.02,77.0,11.13,77.11,20-03-2022,19:35,19:45,Windy,Jam,1,Drinks,scooter,0.0,No,Metropolitian,24,Food
0x2af5,COIMBRES09DEL03,38.0,4.8,11.01,76.98,11.07,77.04,28-03-2022,21:40,21:55,Sandstorms,Jam,0,Meal,motorcycle,3.0,No,Metropolitian,44,Food
0x97b6,SURRES19DEL02,35.0,4.8,21.15,72.77,21.2,72.82,01-04-2022,20:50,21:05,Cloudy,Jam,2,Snack,motorcycle,2.0,No,Metropolitian,36,Food
0xa56e,BANGRES20DEL03,31.0,4.9,12.97,77.6,13.0,77.63,03-04-2022,20:30,20:35,Sunny,Jam,0,Meal,motorcycle,0.0,No,Metropolitian,28,Food
0xaa3f,CHENRES16DEL03,30.0,4.3,13.05,80.24,13.14,80.33,06-03-2022,18:35,18:40,Windy,Jam,1,Drinks,scooter,2.0,No,Metropolitian,37,Food
0x6226,RANCHIRES12DEL03,24.0,4.9,0.0,0.0,0.06,0.06,03-04-2022,0.75,18:05,Fog,Jam,1,Snack,motorcycle,0.0,No,Urban,10,Food
0x996b,HYDRES11DEL03,33.0,4.8,17.43,78.42,17.52,78.51,10-03-2022,23:15,23:30,Stormy,Jam,2,Drinks,motorcycle,0.0,No,Urban,23,Grocery
0xc595,DEHRES19DEL01,29.0,4.6,30.37,78.08,30.44,78.15,18-02-2022,23:40,23:55,Sandstorms,Jam,0,Meal,motorcycle,0.0,No,Metropolitian,22,Food
0x6bfb,MUMRES15DEL01,38.0,4.6,19.18,72.84,19.22,72.88,17-03-2022,12:45,12:55,Stormy,Jam,2,Snack,scooter,1.0,No,Metropolitian,26,Food
0x7e1f,RANCHIRES18DEL03,26.0,4.9,23.35,85.32,23.41,85.38,13-03-2022,20:15,20:20,Sandstorms,Jam,0,Drinks,motorcycle,1.0,No,Metropolitian,34,Food
0xb20d,VADRES07DEL01,39.0,4.8,0.0,0.0,0.04,0.04,17-03-2022,15:55,16:10,Sandstorms,Jam,2,Buffet,scooter,0.0,No,Metropolitian,26,Food
0xa11b,VADRES04DEL01,24.0,4.5,0.0,0.0,0.11,0.11,16-03-2022,23:10,23:15,Fog,Low,0,Snack,motorcycle,,No,Metropolitian,21,Food
0x1db4,PUNERES17DEL03,34.0,4.2,18.53,73.83,18.59,73.89,21-03-2022,22:50,0.958333333,Stormy,Jam,0,Meal,motorcycle,1.0,No,Metropolitian,28,Food
0x2258,JAPRES07DEL03,26.0,4.7,26.77,75.84,26.83,75.9,09-03-2022,22:45,22:55,Windy,Low,2,Snack,motorcycle,0.0,No,Metropolitian,14,Food
0x1fd6,INDORES07DEL01,35.0,4.7,22.72,75.89,22.76,75.93,03-03-2022,15:10,15:15,Cloudy,Jam,2,Meal,motorcycle,1.0,No,Metropolitian,17,Food
0x6de1,BANGRES04DEL03,36.0,4.2,12.98,77.64,13.01,77.67,01-04-2022,18:30,18:35,Sandstorms,Jam,0,Drinks,motorcycle,1.0,No,Metropolitian,37,Grocery
0x8b39,VADRES01DEL01,24.0,2.6,22.31,73.17,22.42,73.28,06-04-2022,22:35,22:50,Sunny,Jam,1,Drinks,motorcycle,1.0,Yes,Metropolitian,42,Grocery
0x8f8,VADRES18DEL01,,,0.0,0.0,0.07,0.07,10-03-2022,,17:55,Sunny,Jam,0,Snack,motorcycle,0.0,No,Urban,17,Food
0x997b,MUMRES07DEL01,33.0,4.3,19.09,72.83,19.2,72.94,02-04-2022,17:20,17:30,Cloudy,Jam,1,Meal,motorcycle,1.0,No,Metropolitian,34,Food
0xcdb6,AURGRES03DEL01,26.0,4.6,19.87,75.35,19.98,75.46,14-02-2022,18:35,18:50,Windy,Jam,1,Buffet,motorcycle,1.0,No,Metropolitian,25,Food
0x5a7a,CHENRES17DEL01,32.0,5.0,13.05,80.23,13.16,80.34,04-03-2022,19:20,19:35,Windy,Jam,1,Buffet,scooter,1.0,No,Urban,30,Food
0x6de3,JAPRES20DEL03,37.0,4.9,26.96,75.78,27.05,75.87,20-03-2022,19:10,19:25,Fog,Jam,0,Meal,motorcycle,2.0,No,Metropolitian,48,Food
0xe27a,KOCRES14DEL02,26.0,4.9,10.03,76.31,10.16,76.44,12-02-2022,23:55,1,Stormy,Low,2,Drinks,scooter,1.0,No,Metropolitian,18,Grocery
0xab52,COIMBRES09DEL02,31.0,4.8,11.01,76.98,11.14,77.11,27-03-2022,23:10,23:15,Stormy,Low,1,Drinks,scooter,0.0,No,Metropolitian,28,Food
0x4632,CHENRES08DEL03,37.0,4.6,13.02,80.24,13.11,80.33,10-03-2022,17:45,17:50,Stormy,Jam,1,Buffet,motorcycle,1.0,No,Urban,26,Food
0x4b8a,MUMRES08DEL01,26.0,4.7,19.07,72.83,19.18,72.94,06-03-2022,21:55,22:10,Sunny,Jam,2,Drinks,scooter,0.0,No,Urban,16,Food
0x1623,INDORES010DEL03,37.0,4.8,22.75,75.9,22.78,75.93,07-03-2022,20:50,20:55,Cloudy,Jam,0,Meal,motorcycle,0.0,No,Metropolitian,25,Food
0xaa66,RANCHIRES03DEL02,22.0,4.6,0.0,0.0,0.13,0.13,04-04-2022,20:35,20:45,Sunny,Jam,2,Drinks,motorcycle,0.0,No,Metropolitian,22,Food
0x7ea,SURRES04DEL03,21.0,4.4,21.17,72.8,21.2,72.83,03-04-2022,22:25,22:40,Windy,Jam,0,Drinks,motorcycle,0.0,No,Metropolitian,15,Grocery
0x4dfa,BANGRES16DEL01,22.0,4.0,13.03,77.57,13.04,77.58,13-03-2022,09:45,09:55,Sandstorms,Low,0,Snack,motorcycle,1.0,No,Urban,28,Food
0xa667,CHENRES14DEL01,38.0,4.5,13.03,80.17,13.04,80.18,28-03-2022,10:20,10:25,Windy,Low,1,Meal,motorcycle,1.0,No,Urban,20,Food
0x6e9d,CHENRES03DEL01,28.0,4.0,13.09,80.22,13.13,80.26,15-03-2022,13:30,13:45,Stormy,Jam,0,Buffet,motorcycle,1.0,No,Metropolitian,32,Food
0x5807,VADRES09DEL02,29.0,4.7,0.0,0.0,0.13,0.13,04-04-2022,20:10,20:15,Sandstorms,Jam,1,Meal,scooter,0.0,No,Urban,17,Food
0x9a32,VADRES11DEL01,31.0,4.9,22.31,73.17,22.35,73.21,28-03-2022,12:15,12:30,Cloudy,Jam,1,Drinks,motorcycle,1.0,No,Metropolitian,38,Grocery
0x917d,SURRES12DEL02,24.0,4.8,21.18,72.81,21.2,72.83,01-03-2022,08:45,08:55,Cloudy,Low,2,Snack,scooter,0.0,No,Metropolitian,14,Food
0x8673,VADRES04DEL01,33.0,4.8,0.0,0.0,0.04,0.04,13-03-2022,15:35,15:50,Windy,Jam,1,Buffet,motorcycle,1.0,No,Metropolitian,26,Food
0x4ac4,PUNERES11DEL03,26.0,4.9,18.53,73.9,18.62,73.99,02-04-2022,19:35,19:40,Sandstorms,Jam,0,Snack,motorcycle,1.0,No,Metropolitian,30,Food
0x1b6a,RANCHIRES18DEL02,,,23.35,85.32,23.43,85.4,04-04-2022,,22:35,Windy,Jam,1,Meal,scooter,1.0,No,Metropolitian,28,Food
0x7bd7,COIMBRES14DEL02,20.0,4.7,11.0,76.98,11.05,77.03,15-03-2022,19:10,19:25,Cloudy,Jam,1,Snack,scooter,1.0,No,Metropolitian,29,Food
0x9735,SURRES19DEL02,29.0,4.8,21.15,72.77,21.28,72.9,06-04-2022,22:50,22:55,Windy,Jam,1,Buffet,scooter,0.0,No,Urban,12,Food
0x1a54,BANGRES15DEL01,32.0,4.0,12.98,77.7,13.05,77.77,23-03-2022,18:45,18:50,Windy,Jam,0,Buffet,motorcycle,3.0,Yes,Urban,49,Food
0x819d,VADRES20DEL01,20.0,4.9,22.31,73.16,22.42,73.27,25-03-2022,17:25,17:35,Fog,Jam,0,Meal,motorcycle,1.0,No,Metropolitian,42,Food
0x96f0,CHENRES19DEL01,26.0,5.0,12.99,80.22,13.06,80.29,27-03-2022,0.791666667,19:15,Sandstorms,Jam,2,Meal,electric_scooter,1.0,No,Urban,24,Food
0x66f1,SURRES09DEL01,38.0,4.8,21.18,72.8,21.29,72.91,25-03-2022,0.833333333,20:10,Cloudy,Jam,2,Buffet,motorcycle,1.0,No,Metropolitian,46,Food
0xc6e9,GOARES17DEL01,34.0,4.6,15.5,73.83,15.54,73.87,17-02-2022,13:50,13:55,Sandstorms,Jam,2,Meal,electric_scooter,1.0,No,Urban,27,Food
0xb8aa,JAPRES19DEL02,27.0,4.5,26.91,75.75,26.93,75.77,03-04-2022,08:10,08:15,Stormy,Low,1,Snack,motorcycle,0.0,No,Metropolitian,13,Food
0xc668,KOLRES18DEL01,29.0,5.0,22.57,88.43,22.64,88.5,12-02-2022,20:55,21:10,Windy,Jam,1,Drinks,motorcycle,1.0,No,Metropolitian,25,Food
0x4c13,SURRES07DEL02,24.0,4.9,21.17,72.79,21.3,72.92,04-04-2022,19:20,19:35,Windy,Jam,2,Drinks,motorcycle,1.0,No,Urban,24,Food
0x824a,INDORES12DEL01,21.0,4.9,22.75,75.89,22.76,75.9,05-03-2022,08:30,08:45,Cloudy,Jam,1,Buffet,motorcycle,0.0,No,Metropolitian,12,Food
0xcb5b,LUDHRES16DEL01,33.0,4.4,30.9,75.81,30.91,75.82,13-02-2022,09:25,09:40,Windy,Low,0,Drinks,motorcycle,1.0,No,Metropolitian,24,Food
0x4cab,RANCHIRES06DEL03,35.0,4.7,23.36,85.33,23.42,85.39,01-03-2022,21:30,21:40,Sandstorms,Jam,1,Meal,motorcycle,1.0,No,Metropolitian,29,Food
0xafc4,COIMBRES16DEL02,35.0,4.7,11.01,76.95,11.09,77.03,31-03-2022,23:15,23:20,Stormy,Low,2,Snack,scooter,1.0,No,Metropolitian,18,Food
0xc003,DEHRES13DEL02,,,-30.37,-78.07,30.5,78.2,18-02-2022,,22:30,,,3,Snack,scooter,1.0,No,Metropolitian,20,Food
0x18c0,MYSRES06DEL03,,,12.32,76.63,12.35,76.66,28-03-2022,,18:10,Stormy,Jam,0,Buffet,motorcycle,0.0,No,Metropolitian,13,Food
0x1655,MUMRES16DEL01,29.0,4.8,19.12,72.91,19.19,72.98,06-04-2022,23:45,23:55,Cloudy,Jam,1,Drinks,motorcycle,1.0,No,Metropolitian,23,Food
0x7573,PUNERES19DEL02,21.0,4.9,18.56,73.92,18.64,74.0,23-03-2022,23:30,23:35,Windy,Low,0,Buffet,motorcycle,1.0,No,Metropolitian,19,Food
0x9201,BANGRES08DEL01,29.0,4.6,12.91,77.6,13.02,77.71,04-04-2022,21:45,21:50,Windy,Jam,0,Meal,motorcycle,1.0,No,Urban,29,Food
0xa940,BANGRES010DEL03,22.0,4.7,12.93,77.61,13.02,77.7,20-03-2022,20:15,20:30,Sunny,Jam,0,Snack,motorcycle,0.0,No,Metropolitian,24,Food
0x604,MYSRES20DEL01,,,12.34,76.62,12.38,76.66,07-03-2022,,0.541666667,,,1,Drinks,scooter,0.0,No,Urban,27,Food
0xd6ef,AGRRES01DEL02,24.0,4.4,27.16,78.01,27.24,78.09,18-02-2022,20:45,0.875,Cloudy,Jam,2,Meal,scooter,0.0,No,Metropolitian,40,Food
0xb39b,MYSRES18DEL01,23.0,4.9,12.34,76.62,12.35,76.63,11-03-2022,11:35,11:50,Stormy,Jam,2,Snack,scooter,0.0,No,Metropolitian,22,Food
0x8ce7,CHENRES010DEL01,27.0,4.6,13.07,80.25,13.08,80.26,13-03-2022,11:15,11:20,Windy,Jam,2,Drinks,scooter,,No,Urban,12,Food
0x9873,COIMBRES20DEL02,33.0,4.1,10.99,76.96,11.07,77.04,10-03-2022,18:20,18:25,Sandstorms,Jam,0,Drinks,motorcycle,1.0,No,Metropolitian,43,Grocery
0x29ab,HYDRES16DEL01,35.0,4.6,17.44,78.39,17.55,78.5,02-03-2022,18:15,18:30,Windy,Jam,2,Meal,scooter,1.0,No,Metropolitian,26,Food
0x8198,COIMBRES14DEL03,21.0,4.7,11.0,76.98,11.03,77.01,24-03-2022,17:15,17:30,Windy,Jam,1,Buffet,scooter,0.0,No,Metropolitian,27,Food
0x7b24,CHENRES11DEL03,39.0,4.4,13.06,80.24,13.15,80.33,23-03-2022,22:15,22:25,Fog,Jam,0,Meal,motorcycle,2.0,No,Metropolitian,35,Food
0x92ec,CHENRES010DEL02,34.0,4.8,13.07,80.25,13.12,80.3,26-03-2022,22:45,22:50,Windy,Jam,2,Drinks,scooter,1.0,No,Metropolitian,27,Grocery
0x1aca,SURRES16DEL01,29.0,4.9,21.16,72.77,21.2,72.81,15-03-2022,12:10,12:25,Cloudy,Jam,0,Drinks,motorcycle,1.0,No,Urban,27,Grocery
0xa348,MUMRES07DEL02,20.0,4.7,19.09,72.83,19.11,72.85,19-03-2022,08:45,08:50,Fog,Jam,1,Buffet,scooter,0.0,No,Metropolitian,17,Food
0xc733,ALHRES11DEL01,20.0,4.8,0.0,0.0,0.07,0.07,12-02-2022,22:35,22:50,Sandstorms,Low,0,Drinks,motorcycle,0.0,No,Urban,17,Food
0x14d0,RANCHIRES01DEL03,30.0,4.7,23.42,85.32,23.48,85.38,24-03-2022,23:45,1,Sunny,Jam,1,Drinks,motorcycle,0.0,No,Metropolitian,15,Grocery
0xd800,DEHRES07DEL02,37.0,4.7,30.36,78.07,30.49,78.2,12-02-2022,21:20,21:30,Fog,Jam,2,Buffet,scooter,1.0,No,Metropolitian,39,Food
0x17db,INDORES08DEL03,39.0,4.6,22.73,75.9,22.76,75.93,15-03-2022,20:10,20:20,Stormy,Jam,1,Drinks,motorcycle,1.0,No,,25,Grocery
0x6d58,HYDRES01DEL01,26.0,5.0,17.41,78.44,17.52,78.55,04-04-2022,17:25,17:30,Sunny,Jam,0,Drinks,motorcycle,1.0,No,Metropolitian,18,Food
0xded5,ALHRES11DEL02,32.0,4.9,0.0,0.0,0.08,0.08,18-02-2022,17:50,0.75,Cloudy,Jam,0,Meal,motorcycle,3.0,Yes,Urban,48,Food
0xa20a,PUNERES13DEL03,21.0,4.7,18.56,73.92,18.65,74.01,10-03-2022,23:45,23:55,Fog,Low,2,Drinks,scooter,0.0,No,Metropolitian,28,Food
0x7c9e,BANGRES20DEL02,35.0,4.8,12.97,77.6,12.99,77.62,13-03-2022,0.416666667,10:05,Sandstorms,Jam,2,Snack,scooter,0.0,No,Metropolitian,29,Food
0x5ef3,RANCHIRES01DEL03,39.0,4.6,23.42,85.32,23.45,85.35,11-03-2022,18:35,18:50,Sandstorms,Jam,2,Buffet,motorcycle,0.0,No,Urban,32,Food
0x80c2,BANGRES08DEL02,39.0,5.0,12.91,77.6,13.04,77.73,02-03-2022,23:10,23:15,Cloudy,Low,0,Meal,motorcycle,1.0,No,Metropolitian,41,Food
0xd2b0,KOCRES20DEL01,27.0,4.9,9.98,76.32,10.05,76.39,18-02-2022,0.875,21:10,Cloudy,Jam,0,Drinks,motorcycle,2.0,No,Metropolitian,39,Grocery
0x70ff,CHENRES16DEL03,33.0,4.8,13.05,80.24,13.08,80.27,07-03-2022,18:35,18:40,Fog,Jam,2,Drinks,scooter,0.0,No,Metropolitian,16,Grocery
0x548e,HYDRES04DEL02,33.0,4.8,17.41,78.33,17.54,78.46,10-03-2022,21:15,21:25,Fog,Jam,0,Meal,motorcycle,3.0,No,Metropolitian,48,Food
0x26f1,BANGRES01DEL01,37.0,4.7,12.93,77.62,13.0,77.69,06-04-2022,17:20,17:35,Cloudy,Jam,1,Buffet,motorcycle,0.0,No,Metropolitian,40,Food
0x4a1b,COIMBRES12DEL02,20.0,4.6,11.0,76.98,11.02,77.0,03-03-2022,08:20,08:30,Stormy,Low,1,Drinks,motorcycle,0.0,No,Urban,11,Food
0xbf6c,LUDHRES07DEL02,20.0,4.6,0.0,0.0,0.08,0.08,12-02-2022,0.916666667,22:10,Sunny,Jam,2,Buffet,motorcycle,1.0,No,Urban,19,Food
0x5561,PUNERES010DEL01,31.0,4.2,18.54,73.9,18.61,73.97,10-03-2022,0.875,21:05,Cloudy,Jam,1,Drinks,scooter,1.0,No,Urban,35,Food
0xafd4,COIMBRES19DEL02,27.0,4.6,11.02,77.0,11.04,77.02,07-03-2022,11:30,11:40,Sunny,Jam,2,Buffet,electric_scooter,0.0,No,Metropolitian,16,Food
0x6957,VADRES010DEL02,37.0,4.9,22.31,73.17,22.36,73.22,09-03-2022,17:25,17:40,Fog,Jam,1,Drinks,scooter,0.0,No,Urban,15,Grocery
0x9151,BANGRES14DEL02,34.0,4.4,12.95,77.7,13.0,77.75,05-03-2022,21:45,0.916666667,Stormy,Jam,2,Buffet,scooter,1.0,No,Urban,31,Food
0x9d4c,COIMBRES05DEL03,25.0,4.7,11.02,77.0,11.08,77.06,17-03-2022,22:40,22:50,Fog,Jam,1,Snack,motorcycle,0.0,No,Urban,11,Food
0xd413,AURGRES07DEL02,37.0,4.7,19.88,75.36,19.93,75.41,17-02-2022,22:40,22:50,Cloudy,Jam,0,Meal,motorcycle,1.0,No,Urban,22,Food
0xc677,KOCRES11DEL01,23.0,4.7,10.01,76.35,10.08,76.42,14-02-2022,22:50,23:05,Stormy,Jam,1,Meal,scooter,1.0,No,,16,Food
0x4421,MYSRES17DEL01,27.0,5.0,12.33,76.62,12.37,76.66,05-03-2022,0.625,15:05,Fog,Jam,0,Drinks,motorcycle,0.0,No,Metropolitian,24,Food
0xa631,HYDRES13DEL02,36.0,4.7,17.43,78.4,17.45,78.42,11-03-2022,10:25,10:40,Cloudy,Jam,2,Snack,electric_scooter,0.0,No,Urban,16,Food
0x3a16,JAPRES14DEL03,30.0,4.3,26.89,75.8,27.03,75.94,18-03-2022,19:35,19:45,Windy,Jam,0,Snack,motorcycle,1.0,No,,42,Food
0xdf8e,AURGRES20DEL01,20.0,4.9,0.0,0.0,0.01,0.01,11-02-2022,11:45,0.5,Cloudy,Jam,1,Drinks,motorcycle,1.0,No,Metropolitian,31,Grocery
0xa04,COIMBRES13DEL01,28.0,4.7,11.0,76.98,11.07,77.05,14-03-2022,21:15,21:30,Fog,Jam,1,Snack,scooter,1.0,No,Metropolitian,31,Food
0x4300,VADRES07DEL02,36.0,4.0,0.0,0.0,0.02,0.02,30-03-2022,10:25,10:35,Windy,Jam,0,Buffet,motorcycle,0.0,No,Metropolitian,33,Food
0x58c2,CHENRES08DEL02,20.0,4.7,13.02,80.24,13.07,80.29,17-03-2022,23:35,23:40,Stormy,Low,2,Drinks,scooter,1.0,No,Metropolitian,16,Grocery
0xbbc6,PUNERES04DEL01,22.0,4.7,18.51,73.84,18.62,73.95,06-04-2022,23:20,23:30,Windy,Low,0,Buffet,motorcycle,1.0,No,Metropolitian,16,Food
0x50c4,MYSRES15DEL01,28.0,4.7,12.35,76.61,12.46,76.72,25-03-2022,18:20,18:30,Sandstorms,Jam,1,Buffet,motorcycle,,No,Metropolitian,25,Food
0xbcd5,SURRES03DEL01,34.0,4.8,21.19,72.79,21.2,72.8,05-04-2022,08:45,08:50,Cloudy,Jam,2,Buffet,electric_scooter,1.0,No,Metropolitian,18,Food
0x6234,VADRES01DEL01,25.0,4.8,22.31,73.17,22.42,73.28,14-03-2022,18:25,18:40,Windy,Jam,1,Drinks,scooter,0.0,No,Metropolitian,26,Grocery
0xcc11,AURGRES05DEL02,38.0,5.0,19.88,75.37,19.93,75.42,15-02-2022,21:20,21:35,Sandstorms,Jam,1,Meal,scooter,1.0,No,Metropolitian,34,Food
0x6445,JAPRES17DEL02,34.0,3.5,26.89,75.81,26.97,75.89,31-03-2022,17:35,17:40,Windy,Jam,2,Snack,motorcycle,1.0,No,Metropolitian,32,Food
0x33dc,VADRES13DEL01,24.0,4.9,22.31,73.16,22.42,73.27,20-03-2022,19:30,19:35,Windy,Jam,1,Drinks,motorcycle,0.0,No,Metropolitian,22,Food
0xacd8,RANCHIRES04DEL03,33.0,4.6,23.36,85.33,23.45,85.42,12-03-2022,21:15,21:25,Windy,Jam,0,Snack,motorcycle,2.0,Yes,Urban,50,Food
0xbfb4,KOLRES14DEL02,21.0,4.6,22.55,88.35,22.57,88.37,17-02-2022,11:55,0.5,Stormy,Jam,1,Snack,scooter,1.0,No,Urban,16,Food
0xd989,KOLRES04DEL03,25.0,4.6,22.54,88.36,22.6,88.42,15-02-2022,17:40,17:50,Stormy,Jam,0,Drinks,motorcycle,0.0,No,Metropolitian,23,Grocery
0x8b3f,VADRES14DEL01,23.0,4.9,22.31,73.17,22.35,73.21,05-04-2022,14:40,14:45,Windy,Jam,0,Buffet,motorcycle,1.0,No,Metropolitian,19,Food
0xdeb4,LUDHRES06DEL02,34.0,4.9,30.9,75.82,30.95,75.87,17-02-2022,22:40,22:55,Stormy,Jam,1,Snack,motorcycle,1.0,No,Metropolitian,25,Food
0xa243,HYDRES010DEL01,25.0,4.7,17.43,78.4,17.5,78.47,31-03-2022,18:50,18:55,Fog,Jam,2,Snack,scooter,1.0,No,Metropolitian,37,Food
0xd446,ALHRES08DEL03,28.0,4.9,25.45,81.83,25.54,81.92,12-02-2022,22:15,22:20,Sandstorms,Low,2,Drinks,electric_scooter,0.0,No,Metropolitian,10,Food
0x6436,PUNERES07DEL01,34.0,3.7,18.55,73.9,18.66,74.01,27-03-2022,21:30,21:40,Stormy,Jam,1,Buffet,scooter,1.0,No,Metropolitian,34,Food
0x5d2d,JAPRES20DEL01,24.0,4.5,26.96,75.78,27.07,75.89,08-03-2022,23:30,23:40,Stormy,Jam,1,Meal,scooter,1.0,No,Metropolitian,14,Food
0xbb22,CHENRES14DEL03,31.0,5.0,13.03,80.17,13.09,80.23,28-03-2022,20:25,20:30,Cloudy,Jam,1,Buffet,motorcycle,1.0,No,,26,Food
0x8b2b,MUMRES14DEL03,38.0,4.6,19.18,72.84,19.24,72.9,21-03-2022,20:10,20:20,Sandstorms,Jam,1,Buffet,scooter,1.0,No,Metropolitian,30,Food
0xc1ec,DEHRES04DEL03,32.0,4.8,30.34,78.06,30.43,78.15,16-02-2022,17:30,17:45,Sunny,Jam,1,Buffet,motorcycle,0.0,No,Metropolitian,17,Food
0xde6f,AURGRES03DEL03,28.0,5.0,19.87,75.35,19.96,75.44,14-02-2022,0.75,18:15,Sandstorms,Jam,0,Buffet,motorcycle,0.0,No,Metropolitian,29,Food
0x33a0,JAPRES06DEL03,29.0,4.5,26.91,75.8,27.0,75.89,31-03-2022,0.791666667,19:10,Fog,Jam,0,Drinks,motorcycle,1.0,No,Metropolitian,37,Food
0xb712,CHENRES05DEL02,28.0,4.8,13.06,80.26,13.19,80.39,16-03-2022,19:50,0.833333333,Sandstorms,Jam,2,Drinks,electric_scooter,0.0,No,Metropolitian,23,Food
0x8299,MYSRES15DEL02,39.0,4.8,12.35,76.61,12.4,76.66,05-03-2022,21:50,0.916666667,Windy,Jam,1,Drinks,motorcycle,1.0,No,Metropolitian,30,Food
0x9e30,VADRES16DEL01,39.0,4.8,0.0,0.0,0.07,0.07,12-03-2022,20:40,20:55,Windy,Jam,1,Buffet,scooter,1.0,No,Metropolitian,29,Food
0x9155,INDORES05DEL02,26.0,4.8,22.73,75.88,22.75,75.9,26-03-2022,09:50,0.416666667,Windy,Jam,2,Buffet,scooter,0.0,No,Metropolitian,14,Food
0x3d8c,INDORES02DEL03,33.0,4.8,22.65,75.88,22.68,75.91,24-03-2022,23:15,23:25,Stormy,Low,2,Buffet,electric_scooter,1.0,No,Metropolitian,28,Food
0xd3fa,ALHRES17DEL03,37.0,4.9,25.45,81.84,25.48,81.87,11-02-2022,20:30,20:45,Sandstorms,Jam,1,Drinks,scooter,0.0,No,Metropolitian,27,Food
0xbb9,BANGRES08DEL03,,,12.91,77.6,12.97,77.66,01-03-2022,,22:45,,,3,Drinks,scooter,0.0,No,Metropolitian,24,Food
0xb012,COIMBRES20DEL03,24.0,4.6,10.99,76.96,11.08,77.05,27-03-2022,23:20,23:25,Sandstorms,Jam,0,Snack,motorcycle,1.0,No,Metropolitian,16,Food
0xdcaa,AURGRES03DEL02,36.0,5.0,19.87,75.35,19.95,75.43,14-02-2022,19:35,19:40,Sandstorms,Jam,0,Meal,motorcycle,2.0,No,Metropolitian,43,Food
0x9587,VADRES14DEL03,22.0,4.7,22.31,73.17,22.4,73.26,04-03-2022,17:45,17:50,Fog,Jam,0,Snack,motorcycle,3.0,No,Metropolitian,44,Food
0x43ba,HYDRES04DEL03,21.0,4.6,17.41,78.33,17.44,78.36,30-03-2022,18:55,0.791666667,Stormy,Jam,0,Meal,motorcycle,1.0,No,Metropolitian,22,Food
0x5803,SURRES07DEL02,29.0,5.0,21.17,72.79,21.22,72.84,21-03-2022,22:35,22:45,Windy,Jam,1,Buffet,scooter,,No,Urban,16,Food
0x70f5,BANGRES17DEL02,33.0,4.7,12.97,77.61,12.99,77.63,05-04-2022,08:30,08:35,Fog,Jam,2,Drinks,scooter,1.0,No,Metropolitian,18,Food
0x575d,RANCHIRES04DEL02,27.0,4.1,23.36,85.33,23.38,85.35,11-03-2022,10:20,10:25,Stormy,Jam,0,Drinks,motorcycle,0.0,No,Metropolitian,16,Grocery
0x6ef,HYDRES14DEL02,,,17.43,78.41,17.56,78.54,12-03-2022,,17:50,Windy,Jam,0,Drinks,motorcycle,0.0,No,Metropolitian,24,Food
0x4f3c,SURRES04DEL01,30.0,4.2,21.17,72.8,21.24,72.87,06-04-2022,19:50,19:55,Cloudy,Jam,1,Buffet,motorcycle,1.0,No,Metropolitian,46,Food
0xb9bc,VADRES18DEL02,22.0,4.8,0.0,0.0,0.08,0.08,06-04-2022,18:20,18:30,Sunny,Jam,0,Buffet,motorcycle,0.0,No,Metropolitian,26,Food
0xb209,COIMBRES13DEL01,20.0,4.9,11.0,76.98,11.07,77.05,02-04-2022,17:25,17:30,Stormy,Jam,1,Drinks,scooter,1.0,No,Urban,17,Food
0x4f9a,BANGRES20DEL01,31.0,4.4,12.97,77.6,13.04,77.67,12-03-2022,20:25,20:30,Sandstorms,Jam,0,Buffet,motorcycle,1.0,No,Metropolitian,44,Food
0x8011,SURRES19DEL03,36.0,4.6,21.15,72.77,21.18,72.8,28-03-2022,0.791666667,19:10,Fog,Jam,2,Drinks,scooter,1.0,No,Metropolitian,17,Food
0x9692,JAPRES17DEL02,39.0,4.9,26.89,75.81,26.97,75.89,14-03-2022,21:15,21:25,Windy,Jam,0,Snack,motorcycle,2.0,No,Urban,43,Food
0x9415,HYDRES07DEL01,32.0,4.7,17.42,78.35,17.53,78.46,31-03-2022,22:50,23:05,Fog,Low,0,Meal,motorcycle,1.0,No,Metropolitian,41,Food
0xb6a0,RANCHIRES14DEL01,23.0,4.2,0.0,0.0,0.07,0.07,16-03-2022,18:40,18:50,Windy,Jam,0,Drinks,motorcycle,0.0,No,Metropolitian,34,Food
0x7bf,SURRES13DEL02,30.0,3.8,21.17,72.79,21.25,72.87,18-03-2022,20:25,20:35,Windy,Jam,2,Buffet,scooter,1.0,Yes,Metropolitian,40,Food
0x7cb8,INDORES15DEL02,26.0,4.7,22.76,75.89,22.78,75.91,05-03-2022,08:20,08:25,Windy,Jam,2,Meal,scooter,0.0,No,Urban,16,Food
0x953,MYSRES07DEL01,,,12.33,76.63,12.34,76.64,09-03-2022,,12:10,Cloudy,Jam,1,Buffet,motorcycle,1.0,No,Metropolitian,23,Food
0x9c8c,SURRES11DEL01,21.0,4.9,21.16,72.77,21.17,72.78,13-03-2022,11:25,11:35,Stormy,Jam,2,Buffet,motorcycle,0.0,No,Urban,13,Food
0xb38b,COIMBRES12DEL03,23.0,4.6,11.0,76.98,11.03,77.01,21-03-2022,18:30,18:45,Stormy,Jam,2,Drinks,scooter,1.0,No,Metropolitian,29,Food
0x4d5b,SURRES03DEL02,22.0,4.9,21.19,72.79,21.21,72.81,03-03-2022,11:10,11:20,Sandstorms,Jam,1,Meal,motorcycle,1.0,No,Metropolitian,24,Food
0x8f9e,SURRES14DEL03,39.0,4.5,21.16,72.77,21.19,72.8,30-03-2022,18:25,18:35,Cloudy,Jam,2,Drinks,motorcycle,1.0,No,Metropolitian,16,Grocery
0x3b2e,CHENRES02DEL02,32.0,4.1,13.09,80.22,13.14,80.27,24-03-2022,20:40,20:45,Stormy,Jam,1,Drinks,scooter,1.0,No,Metropolitian,34,Food
0x2cb6,JAPRES13DEL01,25.0,4.7,26.85,75.8,26.96,75.91,25-03-2022,19:40,19:55,Stormy,Jam,1,Drinks,motorcycle,0.0,No,Metropolitian,20,Food
0x9d2b,SURRES14DEL01,30.0,5.0,21.16,72.77,21.2,72.81,30-03-2022,14:50,15:05,Fog,Jam,1,Snack,motorcycle,1.0,No,Metropolitian,28,Food
0x7943,BANGRES12DEL02,25.0,4.8,12.94,77.63,13.07,77.76,29-03-2022,17:45,0.75,Fog,Jam,2,Drinks,scooter,0.0,No,Metropolitian,30,Food
0x205d,COIMBRES09DEL03,26.0,4.7,11.01,76.98,11.1,77.07,06-04-2022,22:20,22:35,Stormy,Jam,2,Snack,scooter,0.0,No,Metropolitian,14,Food
0x5aad,COIMBRES02DEL01,30.0,4.6,11.02,77.0,11.06,77.04,21-03-2022,14:25,14:30,Windy,Jam,2,Snack,motorcycle,1.0,No,Urban,30,Food
0xd747,AGRRES07DEL02,31.0,4.3,27.16,78.04,27.18,78.06,11-02-2022,09:30,09:45,Windy,Low,0,Drinks,motorcycle,1.0,No,Metropolitian,25,Grocery
0xac01,INDORES08DEL02,33.0,4.8,22.73,75.9,22.81,75.98,18-03-2022,23:35,23:45,Sunny,Jam,1,Buffet,motorcycle,0.0,No,Metropolitian,28,Food
0x9098,MUMRES19DEL03,20.0,5.0,19.13,72.81,19.19,72.87,15-03-2022,23:15,23:20,Sunny,Jam,1,Drinks,scooter,0.0,No,Metropolitian,17,Food
0xaff,MYSRES11DEL02,36.0,4.3,12.32,76.63,12.45,76.76,20-03-2022,19:45,0.833333333,Windy,Jam,1,Meal,scooter,1.0,No,Urban,33,Food
0xa3a6,PUNERES04DEL03,20.0,4.9,18.51,73.84,18.6,73.93,18-03-2022,17:15,17:30,Sandstorms,Jam,0,Snack,motorcycle,1.0,No,Metropolitian,36,Food
0x473,MYSRES07DEL03,,,-12.33,-76.63,12.39,76.69,03-03-2022,,22:45,,,3,Buffet,scooter,,No,Metropolitian,16,Food
0xe076,AGRRES02DEL03,38.0,4.1,0.0,0.0,0.09,0.09,16-02-2022,20:15,20:25,Sandstorms,Jam,2,Snack,scooter,2.0,No,Metropolitian,38,Food
0x8a91,VADRES06DEL03,37.0,4.7,22.31,73.17,22.37,73.23,11-03-2022,21:10,21:20,Cloudy,Jam,0,Meal,motorcycle,0.0,No,Metropolitian,25,Food
0x788d,JAPRES05DEL01,28.0,5.0,26.91,75.79,27.02,75.9,06-04-2022,19:55,0.833333333,Fog,Jam,2,Buffet,scooter,2.0,No,Metropolitian,40,Food
0x6948,BANGRES15DEL02,39.0,3.5,12.98,77.7,13.06,77.78,16-03-2022,22:15,22:20,Cloudy,Jam,2,Meal,motorcycle,0.0,No,Urban,32,Food
0x28e9,HYDRES03DEL02,31.0,4.0,17.42,78.45,17.5,78.53,06-04-2022,21:25,21:40,Cloudy,Jam,1,Snack,scooter,0.0,No,Metropolitian,42,Food
0x53ea,HYDRES15DEL02,30.0,4.9,17.46,78.37,17.51,78.42,05-03-2022,23:50,23:55,Sunny,Low,0,Snack,motorcycle,1.0,No,Urban,27,Food
0xcd30,KOLRES03DEL03,27.0,4.9,22.53,88.36,22.62,88.45,18-02-2022,21:25,21:35,Sandstorms,Jam,2,Drinks,motorcycle,1.0,No,Metropolitian,25,Food
0x57ce,PUNERES11DEL02,30.0,4.9,18.53,73.9,18.58,73.95,17-03-2022,23:45,1,Sandstorms,Low,2,Drinks,motorcycle,1.0,No,Metropolitian,24,Food
0x3d57,BANGRES08DEL02,29.0,4.5,12.91,77.6,13.04,77.73,18-03-2022,20:55,0.875,Cloudy,Jam,2,Snack,scooter,1.0,No,Urban,30,Food
0xdd28,AGRRES11DEL02,35.0,4.5,27.16,78.06,27.29,78.19,18-02-2022,22:45,22:50,Windy,Low,0,Meal,motorcycle,1.0,No,Metropolitian,22,Food
0x1b03,INDORES01DEL02,34.0,4.9,22.7,75.87,22.72,75.89,01-04-2022,0.5,12:15,Windy,Jam,0,Snack,motorcycle,0.0,No,Metropolitian,31,Food
0x9646,COIMBRES17DEL02,37.0,4.8,11.03,76.94,11.11,77.02,02-03-2022,22:25,22:30,Stormy,Low,2,Buffet,scooter,1.0,No,Metropolitian,16,Food
0x3e9b,JAPRES08DEL03,34.0,4.9,26.91,75.78,26.94,75.81,26-03-2022,20:20,20:25,Sunny,Jam,0,Meal,motorcycle,1.0,No,Metropolitian,25,Food
0x5a5d,RANCHIRES03DEL02,31.0,4.9,0.0,0.0,0.02,0.02,07-03-2022,0.458333333,11:10,Cloudy,Low,1,Buffet,scooter,0.0,No,Metropolitian,16,Food
0x33dd,HYDRES16DEL03,23.0,4.1,17.44,78.39,17.5,78.45,30-03-2022,20:55,0.875,Fog,Jam,2,Meal,electric_scooter,1.0,No,Metropolitian,32,Food
0xab46,INDORES05DEL02,29.0,4.7,22.73,75.88,22.78,75.93,01-04-2022,18:20,18:30,Sunny,Jam,0,Snack,motorcycle,1.0,No,Metropolitian,20,Food
0xa8b9,VADRES12DEL02,20.0,4.9,0.0,0.0,0.02,0.02,03-04-2022,08:10,08:20,Stormy,Jam,1,Meal,motorcycle,1.0,No,Urban,11,Food
0x7096,PUNERES01DEL03,26.0,4.1,18.57,73.77,18.63,73.83,11-03-2022,0.958333333,23:15,Sandstorms,Jam,0,Meal,motorcycle,1.0,No,Urban,21,Food
0x23b8,RANCHIRES14DEL02,34.0,4.5,0.0,0.0,0.08,0.08,06-04-2022,19:35,19:40,Cloudy,Jam,0,Snack,motorcycle,2.0,Yes,Urban,44,Food
0xc55c,AURGRES05DEL02,34.0,4.9,19.88,75.37,19.93,75.42,11-02-2022,23:15,23:30,Fog,Jam,1,Snack,motorcycle,1.0,No,Metropolitian,19,Food
0x9b27,PUNERES18DEL03,21.0,4.7,18.59,73.79,18.62,73.82,28-03-2022,19:10,19:15,Stormy,Jam,2,Buffet,scooter,1.0,No,Metropolitian,11,Food
0xbc03,COIMBRES010DEL01,35.0,4.6,11.0,76.98,11.07,77.05,06-04-2022,23:20,23:30,Windy,Low,0,Snack,motorcycle,1.0,No,Urban,23,Food
0x38c5,JAPRES02DEL01,20.0,4.7,26.91,75.81,27.02,75.92,12-03-2022,22:35,22:40,Stormy,Jam,2,Snack,electric_scooter,0.0,No,Metropolitian,12,Food
0x2997,MUMRES20DEL02,24.0,4.1,19.1,72.85,19.23,72.98,29-03-2022,20:35,20:50,Cloudy,Jam,2,Buffet,electric_scooter,1.0,No,Metropolitian,39,Food
0x5aa4,BANGRES12DEL01,25.0,4.5,12.94,77.63,12.98,77.67,15-03-2022,14:25,14:30,Windy,Jam,1,Snack,scooter,1.0,No,Urban,16,Food
0x1d9c,MUMRES06DEL03,22.0,4.8,19.06,72.83,19.09,72.86,19-03-2022,22:30,22:35,Cloudy,Jam,2,Drinks,scooter,1.0,No,Urban,17,Grocery
0xb041,RANCHIRES01DEL03,38.0,4.7,23.42,85.32,23.51,85.41,14-03-2022,18:30,18:40,Windy,Jam,1,Meal,motorcycle,0.0,No,Urban,24,Food
0x5145,BANGRES11DEL01,29.0,4.3,12.93,77.62,12.97,77.66,30-03-2022,12:25,12:40,Cloudy,Jam,1,Meal,scooter,1.0,No,Urban,33,Food
0x91ba,BANGRES08DEL01,24.0,4.8,12.91,77.6,13.02,77.71,29-03-2022,18:55,19:10,Sandstorms,Jam,1,Snack,scooter,1.0,No,Urban,29,Food
0xc951,DEHRES08DEL03,36.0,4.8,30.36,78.07,30.5,78.21,18-02-2022,17:40,17:55,Fog,Jam,0,Buffet,motorcycle,1.0,No,Metropolitian,42,Food
0xb0e7,JAPRES20DEL02,31.0,4.7,26.96,75.78,27.01,75.83,09-03-2022,22:30,22:35,Windy,Jam,2,Buffet,electric_scooter,1.0,No,Metropolitian,28,Food
0x1a1e,MYSRES19DEL03,20.0,4.8,12.33,76.62,12.36,76.65,09-03-2022,20:20,20:30,Fog,Jam,1,Snack,scooter,1.0,No,Metropolitian,25,Food
0xcdf4,BHPRES03DEL02,25.0,4.6,23.21,77.44,23.26,77.49,11-02-2022,18:20,18:25,Sunny,Jam,1,Snack,scooter,0.0,No,Metropolitian,16,Food
0xaea,BANGRES19DEL01,23.0,5.0,12.91,77.68,13.02,77.79,23-03-2022,23:55,24:05:00,Sandstorms,Jam,1,Meal,scooter,1.0,No,Urban,11,Food
0x6723,JAPRES20DEL02,39.0,4.7,26.96,75.78,27.01,75.83,30-03-2022,0.75,18:15,Cloudy,Jam,0,Buffet,motorcycle,2.0,No,Urban,34,Food
0x326e,MYSRES17DEL01,21.0,4.7,12.33,76.62,12.44,76.73,04-03-2022,18:50,19:05,Cloudy,Jam,0,Snack,motorcycle,0.0,No,Metropolitian,35,Food
0x1983,INDORES09DEL01,32.0,4.7,22.73,75.89,22.77,75.93,01-03-2022,16:10,16:15,Stormy,Jam,2,Drinks,scooter,1.0,No,Metropolitian,25,Food
0x7648,RANCHIRES11DEL02,36.0,4.9,23.36,85.33,23.49,85.46,25-03-2022,20:30,20:35,Sunny,Jam,1,Drinks,motorcycle,1.0,No,Metropolitian,15,Food
0x8028,COIMBRES15DEL01,38.0,4.8,11.01,76.95,11.08,77.02,02-03-2022,20:25,20:30,Cloudy,Jam,1,Snack,motorcycle,3.0,No,Metropolitian,49,Food
0x5d47,BANGRES09DEL01,34.0,4.3,12.93,77.62,13.04,77.73,29-03-2022,18:15,18:25,Sandstorms,Jam,0,Snack,motorcycle,1.0,No,Metropolitian,35,Food
0x5fd4,SURRES04DEL01,23.0,2.5,21.17,72.8,21.28,72.91,20-03-2022,23:50,24:05:00,Sunny,Low,1,Buffet,motorcycle,1.0,No,Metropolitian,34,Food
0xa14d,MYSRES01DEL02,32.0,3.6,12.31,76.65,12.44,76.78,06-04-2022,20:25,20:30,Stormy,Jam,2,Meal,scooter,1.0,No,Urban,39,Food
0x6b51,BANGRES16DEL01,31.0,4.8,13.03,77.57,13.04,77.58,21-03-2022,09:45,0.416666667,Fog,Low,0,Meal,motorcycle,1.0,No,Metropolitian,26,Food
0xa5dc,MYSRES19DEL02,22.0,4.6,12.33,76.62,12.41,76.7,04-04-2022,19:25,19:40,Sunny,Jam,2,Buffet,motorcycle,1.0,No,Metropolitian,11,Food
0x268b,MYSRES11DEL02,34.0,3.9,12.32,76.63,12.4,76.71,10-03-2022,22:20,22:30,Cloudy,Jam,2,Drinks,electric_scooter,1.0,No,Metropolitian,33,Grocery
0x15f4,RANCHIRES16DEL02,39.0,4.8,23.37,85.33,23.5,85.46,18-03-2022,21:35,21:40,Cloudy,Jam,0,Meal,motorcycle,1.0,No,Metropolitian,47,Food
0x711a,JAPRES07DEL02,21.0,5.0,26.77,75.84,26.85,75.92,10-03-2022,23:10,23:20,Cloudy,Low,1,Buffet,motorcycle,0.0,No,Metropolitian,25,Food
0x21c3,HYDRES02DEL03,34.0,3.9,17.41,78.45,17.5,78.54,29-03-2022,23:10,23:15,Fog,Jam,2,Meal,scooter,1.0,No,Metropolitian,37,Food
0x5af,MYSRES16DEL01,,,-12.32,76.6,12.33,76.61,15-03-2022,,0.5,Cloudy,Jam,0,Snack,motorcycle,0.0,No,Urban,29,Food
0x7022,CHENRES02DEL02,28.0,4.9,13.09,80.22,13.17,80.3,02-03-2022,18:40,18:50,Windy,Jam,1,Meal,motorcycle,1.0,No,Metropolitian,15,Food
0x33b9,SURRES18DEL01,34.0,4.9,21.15,72.78,21.16,72.79,21-03-2022,08:55,0.375,Windy,Jam,1,Buffet,motorcycle,1.0,No,Metropolitian,20,Food
0x3b1e,BANGRES02DEL02,21.0,4.7,12.97,77.65,13.1,77.78,23-03-2022,19:35,19:45,Sandstorms,Jam,1,Meal,motorcycle,0.0,No,Metropolitian,29,Food
0xa085,INDORES04DEL02,30.0,4.6,22.75,75.9,22.77,75.92,28-03-2022,11:50,12:05,Fog,Jam,2,Snack,electric_scooter,1.0,No,Urban,30,Food
0x4390,COIMBRES13DEL03,36.0,5.0,11.0,76.98,11.06,77.04,01-03-2022,22:45,22:55,Fog,Jam,2,Drinks,scooter,1.0,No,Urban,16,Grocery
0x56aa,PUNERES15DEL01,25.0,4.5,18.64,73.75,18.65,73.76,03-03-2022,08:20,08:30,Cloudy,Jam,0,Meal,motorcycle,0.0,No,Urban,24,Food
0x9797,BANGRES010DEL01,38.0,4.3,12.93,77.61,13.04,77.72,02-03-2022,19:25,19:40,Sunny,Jam,2,Snack,scooter,0.0,No,Metropolitian,31,Food
0x7b89,MUMRES16DEL01,24.0,5.0,19.12,72.91,19.16,72.95,03-04-2022,13:40,13:55,Sunny,Jam,2,Drinks,scooter,0.0,No,Urban,12,Grocery
0xa2f8,MYSRES14DEL03,31.0,4.0,0.0,0.0,0.06,0.06,21-03-2022,17:50,18:05,Sandstorms,Jam,0,Drinks,motorcycle,0.0,No,Metropolitian,34,Grocery
0xb52c,VADRES14DEL02,31.0,4.7,22.31,73.17,22.39,73.25,27-03-2022,18:40,18:45,Sunny,Jam,2,Snack,electric_scooter,1.0,No,Metropolitian,29,Food
0x9571,HYDRES13DEL01,27.0,4.6,17.43,78.4,17.5,78.47,02-04-2022,19:30,19:35,Sunny,Jam,2,Drinks,motorcycle,0.0,No,Metropolitian,13,Food
0x2e2a,BANGRES03DEL02,23.0,4.8,12.98,77.64,13.0,77.66,15-03-2022,10:35,10:45,Fog,Jam,1,Buffet,motorcycle,1.0,No,Urban,11,Food
0x32b0,RANCHIRES01DEL01,,,23.42,85.32,23.53,85.43,27-03-2022,,20:25,,,3,Snack,scooter,0.0,No,Metropolitian,29,Food
0x3318,BANGRES010DEL02,25.0,4.7,12.93,77.61,13.06,77.74,20-03-2022,17:50,17:55,Sandstorms,Jam,2,Meal,scooter,1.0,No,Urban,23,Food
0x7726,INDORES07DEL01,38.0,4.5,22.72,75.89,22.73,75.9,28-03-2022,08:15,08:20,Windy,Jam,2,Drinks,electric_scooter,0.0,No,Metropolitian,24,Food
0x94dd,COIMBRES03DEL02,32.0,4.8,11.03,77.02,11.11,77.1,27-03-2022,17:10,17:20,Sunny,Jam,0,Drinks,motorcycle,0.0,No,Urban,26,Food
0x8227,JAPRES16DEL01,22.0,4.3,26.85,75.8,26.92,75.87,18-03-2022,19:50,0.833333333,Stormy,Jam,0,Buffet,motorcycle,1.0,No,Metropolitian,36,Food
0xfc1,VADRES06DEL03,35.0,4.9,22.31,73.17,22.34,73.2,19-03-2022,20:30,20:45,Sandstorms,Jam,2,Drinks,scooter,1.0,No,Metropolitian,31,Grocery
0x8322,MYSRES13DEL01,35.0,4.1,12.31,76.66,12.42,76.77,02-03-2022,17:20,17:35,Sandstorms,Jam,0,Buffet,motorcycle,1.0,No,Metropolitian,46,Food
0xc082,ALHRES11DEL03,34.0,4.8,0.0,0.0,0.06,0.06,11-02-2022,18:40,18:50,Sunny,Jam,1,Snack,scooter,0.0,No,Metropolitian,18,Food
0xa635,PUNERES14DEL01,22.0,3.5,18.52,73.84,18.59,73.91,25-03-2022,23:40,23:50,Sunny,Jam,2,Meal,motorcycle,0.0,No,Metropolitian,33,Food
0xa35,INDORES11DEL01,,,22.75,75.89,22.76,75.9,05-03-2022,,11:05,Windy,Jam,2,Buffet,scooter,1.0,No,Metropolitian,27,Food
0x33be,BANGRES02DEL02,28.0,4.9,12.97,77.65,13.02,77.7,07-03-2022,17:20,17:25,Stormy,Jam,2,Snack,scooter,1.0,No,Metropolitian,24,Food
0x3d21,RANCHIRES16DEL01,35.0,3.6,23.37,85.33,23.44,85.4,04-04-2022,22:20,22:35,Fog,Low,2,Meal,motorcycle,0.0,No,Urban,34,Food
0xd152,BHPRES15DEL03,38.0,4.8,23.23,77.43,23.29,77.49,11-02-2022,1,24:10:00,Fog,Jam,1,Meal,scooter,1.0,No,Urban,17,Food
0x1c01,MUMRES19DEL03,31.0,5.0,19.13,72.81,19.19,72.87,19-03-2022,22:55,0.958333333,Fog,Jam,0,Meal,motorcycle,1.0,No,Metropolitian,28,Food
0x45f,RANCHIRES14DEL01,,,0.0,0.0,0.01,0.01,01-03-2022,,10:45,,,3,Meal,electric_scooter,0.0,No,Metropolitian,27,Food
0xd550,ALHRES19DEL03,26.0,5.0,25.46,81.86,25.49,81.89,17-02-2022,22:10,22:25,Cloudy,Jam,1,Buffet,scooter,1.0,No,Metropolitian,10,Food
0x7ffc,BANGRES16DEL01,36.0,4.4,13.03,77.57,13.14,77.68,16-03-2022,17:55,18:05,Cloudy,Jam,1,Snack,motorcycle,1.0,No,Urban,31,Food
0x9e4e,COIMBRES19DEL03,26.0,4.6,11.02,77.0,11.05,77.03,01-04-2022,19:30,19:45,Stormy,Jam,0,Drinks,motorcycle,1.0,No,Metropolitian,32,Food
0xcef2,LUDHRES010DEL03,38.0,4.1,30.89,75.82,31.03,75.96,14-02-2022,20:45,20:50,Fog,Jam,2,Snack,scooter,1.0,No,,41,Food
0x4e5a,JAPRES03DEL03,25.0,4.3,26.91,75.8,27.0,75.89,08-03-2022,18:30,18:35,Cloudy,Jam,2,Meal,scooter,0.0,No,Metropolitian,37,Food
0x3776,BANGRES04DEL01,25.0,5.0,12.98,77.64,12.99,77.65,17-03-2022,0.5,12:10,Cloudy,Jam,1,Drinks,scooter,1.0,No,Urban,32,Food
0xca9b,ALHRES09DEL02,30.0,4.7,0.0,0.0,0.08,0.08,14-02-2022,17:25,17:35,Sandstorms,Jam,2,Meal,motorcycle,0.0,No,Urban,24,Food
0xbe1,CHENRES06DEL03,,,13.05,80.26,13.08,80.29,05-04-2022,20:25,20:30,Cloudy,Jam,1,Snack,motorcycle,1.0,No,Metropolitian,24,Food
0x929,MUMRES16DEL02,,,19.12,72.91,19.17,72.96,11-03-2022,,18:35,Fog,Jam,2,Snack,scooter,1.0,No,Metropolitian,17,Food
0x9107,CHENRES09DEL02,33.0,4.2,13.04,80.26,13.06,80.28,30-03-2022,11:45,11:55,Cloudy,Jam,2,Meal,scooter,1.0,No,Metropolitian,39,Food
0x7317,COIMBRES02DEL02,39.0,4.9,11.02,77.0,11.1,77.08,04-04-2022,17:25,17:30,Stormy,Jam,1,Buffet,motorcycle,1.0,No,Metropolitian,26,Food
0x8464,MYSRES05DEL03,34.0,4.5,12.32,76.63,12.35,76.66,03-04-2022,20:40,20:45,Sandstorms,Jam,2,Snack,motorcycle,0.0,No,Metropolitian,28,Food
0x9af2,HYDRES02DEL03,37.0,4.2,17.41,78.45,17.44,78.48,19-03-2022,22:15,22:30,Windy,Jam,0,Buffet,motorcycle,1.0,No,Metropolitian,30,Food
0x8d48,JAPRES18DEL03,36.0,4.8,26.91,75.75,26.94,75.78,13-03-2022,23:10,23:20,Cloudy,Low,0,Meal,motorcycle,1.0,No,Urban,20,Food
0xa077,PUNERES02DEL01,29.0,4.9,18.55,73.8,18.62,73.87,20-03-2022,19:40,19:55,Fog,Jam,0,Meal,motorcycle,2.0,No,Metropolitian,45,Food
0x8fa0,SURRES01DEL01,30.0,4.4,21.19,72.79,21.3,72.9,02-04-2022,22:10,22:25,Fog,Jam,2,Buffet,electric_scooter,1.0,No,Metropolitian,35,Food
0x291d,VADRES11DEL01,32.0,5.0,22.31,73.17,22.38,73.24,27-03-2022,0.875,21:15,Windy,Jam,0,Buffet,motorcycle,1.0,No,Metropolitian,43,Food
0x7b54,PUNERES010DEL01,21.0,4.8,18.54,73.9,18.61,73.97,23-03-2022,22:35,22:45,Stormy,Jam,1,Meal,motorcycle,1.0,No,Urban,13,Food
0x895b,BANGRES06DEL02,24.0,4.2,12.98,77.64,13.11,77.77,20-03-2022,18:30,18:45,Cloudy,Jam,2,Drinks,scooter,1.0,No,Metropolitian,35,Grocery
0x8583,INDORES16DEL02,28.0,4.9,22.74,75.89,22.82,75.97,16-03-2022,19:25,19:35,Sunny,Jam,0,Snack,motorcycle,1.0,No,Metropolitian,25,Food
0xd6bf,AURGRES11DEL01,39.0,4.9,0.0,0.0,0.11,0.11,14-02-2022,22:35,22:40,Stormy,Low,0,Snack,motorcycle,1.0,No,Urban,21,Food
0x4340,RANCHIRES20DEL02,21.0,5.0,23.4,85.39,23.48,85.47,12-03-2022,22:35,22:40,Sandstorms,Low,1,Meal,scooter,0.0,No,Urban,11,Food
0x8c35,SURRES09DEL02,24.0,4.8,21.18,72.8,21.31,72.93,06-03-2022,0.791666667,19:05,Fog,Jam,0,Snack,motorcycle,,No,Metropolitian,37,Food
0xdd00,AURGRES09DEL03,35.0,4.8,19.87,75.37,19.9,75.4,13-02-2022,17:10,17:20,Windy,Jam,2,Buffet,scooter,1.0,No,Metropolitian,29,Food
0xdac9,KOLRES11DEL02,25.0,4.5,22.58,88.4,22.66,88.48,14-02-2022,23:15,23:30,Sandstorms,Jam,0,Buffet,motorcycle,1.0,No,Metropolitian,20,Food
0x5d7a,JAPRES09DEL01,20.0,5.0,26.91,75.79,26.98,75.86,18-03-2022,0.791666667,19:15,Sunny,Jam,0,Snack,motorcycle,1.0,No,Metropolitian,22,Food
0x65b1,MYSRES13DEL01,23.0,4.7,12.31,76.66,12.38,76.73,08-03-2022,20:50,0.875,Cloudy,Jam,2,Meal,scooter,1.0,No,Metropolitian,31,Food
0x80aa,MYSRES20DEL01,28.0,4.7,12.34,76.62,12.45,76.73,04-04-2022,23:35,23:45,Fog,Low,1,Meal,scooter,1.0,No,Metropolitian,25,Food
0xb22b,RANCHIRES010DEL01,31.0,4.8,23.35,85.33,23.42,85.4,06-03-2022,21:55,22:05,Sunny,Jam,1,Meal,motorcycle,1.0,No,Metropolitian,22,Food
0x1a31,JAPRES06DEL01,28.0,4.5,26.91,75.8,26.98,75.87,31-03-2022,18:50,18:55,Sunny,Jam,2,Buffet,scooter,1.0,No,Urban,16,Food
0xc2ba,LUDHRES18DEL03,20.0,3.9,30.89,75.83,30.95,75.89,11-02-2022,20:40,20:45,Sunny,Jam,0,Buffet,motorcycle,1.0,No,Metropolitian,54,Food
0x9892,JAPRES17DEL02,26.0,4.9,26.89,75.81,27.02,75.94,18-03-2022,21:45,0.916666667,Stormy,Jam,2,Buffet,scooter,1.0,No,Metropolitian,22,Food
0xddb7,GOARES19DEL01,34.0,4.6,0.0,0.0,0.01,0.01,13-02-2022,0.416666667,10:15,Sandstorms,Jam,2,Drinks,scooter,0.0,No,Metropolitian,26,Food
0x4cce,PUNERES12DEL01,24.0,4.8,18.52,73.83,18.53,73.84,09-03-2022,0.5,12:15,Sandstorms,Jam,1,Snack,motorcycle,1.0,No,Metropolitian,10,Food
0x8b86,COIMBRES20DEL03,35.0,4.8,10.99,76.96,11.08,77.05,04-04-2022,20:25,20:40,Cloudy,Jam,2,Buffet,motorcycle,1.0,No,Metropolitian,43,Food
0xad08,INDORES010DEL03,31.0,4.7,22.75,75.9,22.78,75.93,05-04-2022,19:50,20:05,Sunny,Jam,2,Snack,electric_scooter,0.0,No,Urban,19,Food
0xd4df,KOLRES20DEL02,20.0,4.7,22.51,88.36,22.59,88.44,18-02-2022,22:30,22:45,Sunny,Low,0,Drinks,motorcycle,1.0,No,Urban,28,Food
0x6561,INDORES08DEL01,32.0,4.0,22.73,75.9,22.74,75.91,03-03-2022,10:55,0.458333333,Stormy,Low,0,Snack,motorcycle,1.0,No,Metropolitian,31,Food
0xd02f,BHPRES03DEL03,25.0,4.7,23.21,77.44,23.24,77.47,11-02-2022,17:45,0.75,Sunny,Jam,1,Buffet,scooter,0.0,No,Metropolitian,19,Food
0x6932,VADRES19DEL03,29.0,5.0,22.31,73.17,22.34,73.2,19-03-2022,20:40,20:55,Sandstorms,Jam,0,Snack,motorcycle,1.0,No,Urban,20,Food
0x5697,JAPRES13DEL02,20.0,4.8,26.85,75.8,26.9,75.85,26-03-2022,20:25,20:40,Sandstorms,Jam,1,Drinks,scooter,0.0,No,Metropolitian,14,Food
0x25eb,JAPRES09DEL03,23.0,4.7,26.91,75.79,27.05,75.93,14-03-2022,0.875,21:10,Fog,Jam,0,Snack,motorcycle,1.0,No,Metropolitian,42,Food
0x9abf,INDORES06DEL03,33.0,5.0,22.73,75.88,22.82,75.97,23-03-2022,17:40,17:55,Sunny,Jam,1,Meal,scooter,1.0,No,Metropolitian,25,Food
0x9790,COIMBRES13DEL01,24.0,4.8,11.0,76.98,11.11,77.09,12-03-2022,21:15,21:25,Sunny,Jam,2,Drinks,motorcycle,0.0,No,Metropolitian,16,Food
0x768d,MUMRES09DEL03,25.0,4.8,18.99,72.83,19.05,72.89,24-03-2022,17:20,17:35,Fog,Jam,0,Drinks,motorcycle,0.0,No,Metropolitian,22,Food
0x8e3,SURRES010DEL03,,,21.17,72.79,21.23,72.85,09-03-2022,,18:30,Fog,Jam,0,Drinks,motorcycle,1.0,No,Metropolitian,21,Grocery
0x2c5a,PUNERES19DEL02,31.0,4.4,18.56,73.92,18.69,74.05,04-03-2022,22:20,22:25,Cloudy,Jam,1,Buffet,scooter,1.0,No,Metropolitian,37,Food
0x163c,MYSRES17DEL01,38.0,4.8,12.33,76.62,12.37,76.66,21-03-2022,0.708333333,17:05,Sunny,Jam,2,Meal,electric_scooter,1.0,No,Metropolitian,17,Food
0xd398,DEHRES08DEL01,22.0,4.6,30.36,78.07,30.47,78.18,12-02-2022,21:30,21:45,Sunny,Jam,0,Snack,motorcycle,0.0,No,Urban,15,Food
0x417b,SURRES15DEL01,35.0,4.7,21.16,72.77,21.17,72.78,01-04-2022,0.416666667,10:10,Sunny,Low,2,Buffet,electric_scooter,1.0,No,Metropolitian,12,Food
0x4291,SURRES03DEL01,34.0,3.8,21.19,72.79,21.3,72.9,18-03-2022,22:15,22:30,Cloudy,Jam,1,Meal,scooter,1.0,No,Metropolitian,39,Food
0x5761,CHENRES05DEL03,20.0,4.8,13.06,80.26,13.15,80.35,08-03-2022,22:40,22:45,Sunny,Jam,2,Snack,scooter,1.0,No,Metropolitian,28,Food
0xc8f,VADRES04DEL01,29.0,4.6,0.0,0.0,0.01,0.01,05-03-2022,08:20,08:35,Cloudy,Jam,1,Buffet,motorcycle,1.0,No,Metropolitian,16,Food
0xa49a,VADRES11DEL03,20.0,3.5,22.31,73.17,22.34,73.2,28-03-2022,21:55,22:10,Sunny,Jam,0,Buffet,motorcycle,3.0,Yes,Semi-Urban,50,Food
0xb4e4,COIMBRES03DEL02,30.0,4.2,11.03,77.02,11.11,77.1,02-03-2022,19:20,19:30,Cloudy,Jam,2,Meal,scooter,2.0,No,Metropolitian,49,Food
0xbc1,SURRES16DEL01,,,21.16,72.77,21.17,72.78,30-03-2022,,10:50,Cloudy,Jam,2,Snack,motorcycle,1.0,No,Urban,14,Food
0xa866,VADRES08DEL03,24.0,4.4,0.0,0.0,0.03,0.03,19-03-2022,20:45,20:50,Sunny,Jam,0,Meal,motorcycle,1.0,No,Metropolitian,49,Food
0xdb84,ALHRES05DEL01,35.0,4.0,25.46,81.84,25.57,81.95,16-02-2022,21:35,21:50,Fog,Jam,1,Snack,scooter,1.0,No,Metropolitian,35,Food
0x7008,COIMBRES15DEL01,28.0,4.8,11.01,76.95,11.02,76.96,03-03-2022,09:35,09:50,Windy,Jam,1,Snack,scooter,1.0,No,Metropolitian,18,Food
0xa22e,INDORES20DEL02,22.0,5.0,22.73,75.87,22.78,75.92,09-03-2022,20:35,20:40,Sunny,Jam,2,Meal,scooter,0.0,No,Urban,11,Food
0x7820,COIMBRES17DEL01,23.0,4.8,11.03,76.94,11.1,77.01,31-03-2022,20:35,20:45,Cloudy,Jam,2,Drinks,motorcycle,1.0,No,Urban,33,Food
0x9f9a,VADRES15DEL01,32.0,4.3,0.0,0.0,0.01,0.01,07-03-2022,09:30,09:35,Stormy,Low,0,Meal,motorcycle,,No,Metropolitian,28,Food
0x41f5,PUNERES12DEL02,22.0,4.9,18.52,73.83,18.54,73.85,09-03-2022,08:35,08:50,Fog,Low,2,Meal,scooter,0.0,No,Metropolitian,16,Food
0x7d1a,RANCHIRES15DEL03,34.0,4.6,23.37,85.34,23.43,85.4,19-03-2022,20:10,20:25,Cloudy,Jam,0,Buffet,motorcycle,1.0,No,Metropolitian,29,Food
0x3b72,INDORES14DEL01,30.0,4.7,22.76,75.89,22.77,75.9,19-03-2022,11:15,11:30,Fog,Jam,0,Snack,motorcycle,1.0,No,Metropolitian,26,Food
0x8c6a,VADRES13DEL01,20.0,4.8,22.31,73.16,22.35,73.2,30-03-2022,16:15,16:25,Stormy,Jam,0,Snack,motorcycle,1.0,No,Urban,14,Food
0x25a5,SURRES07DEL02,20.0,5.0,21.17,72.79,21.25,72.87,02-03-2022,20:35,20:50,Windy,Jam,0,Meal,motorcycle,1.0,No,Metropolitian,36,Food
0xca3b,LUDHRES04DEL03,39.0,4.6,30.91,75.84,30.94,75.87,17-02-2022,0.958333333,23:10,Windy,Low,1,Drinks,scooter,1.0,No,Metropolitian,24,Grocery
0xa598,RANCHIRES17DEL02,27.0,4.7,23.37,85.34,23.39,85.36,03-03-2022,08:20,08:30,Sandstorms,Jam,2,Meal,scooter,0.0,No,Metropolitian,11,Food
0x1812,JAPRES04DEL02,35.0,4.8,26.9,75.79,26.92,75.81,11-03-2022,09:15,09:30,Stormy,Low,2,Buffet,electric_scooter,0.0,No,Metropolitian,27,Food
0x53e7,PUNERES06DEL02,24.0,4.8,18.55,73.9,18.68,74.03,06-04-2022,19:55,20:05,Windy,Jam,1,Meal,motorcycle,1.0,No,Metropolitian,26,Food
0xdd8c,BHPRES11DEL03,25.0,4.9,23.23,77.43,23.29,77.49,17-02-2022,18:15,18:30,Sunny,Jam,0,Snack,motorcycle,0.0,No,Metropolitian,17,Food
0x2668,PUNERES09DEL01,28.0,4.8,18.54,73.9,18.58,73.94,05-03-2022,16:35,16:50,Fog,Jam,1,Meal,motorcycle,0.0,No,Metropolitian,14,Food
0x4945,MUMRES07DEL02,33.0,4.6,19.09,72.83,19.17,72.91,27-03-2022,22:50,0.958333333,Cloudy,Jam,1,Drinks,scooter,0.0,No,Metropolitian,30,Food
0x4d6a,JAPRES06DEL02,35.0,4.9,26.91,75.8,26.96,75.85,28-03-2022,23:40,23:45,Sandstorms,Low,2,Meal,scooter,1.0,No,,21,Food
0x99b6,CHENRES09DEL01,30.0,4.9,13.04,80.26,13.11,80.33,06-04-2022,21:15,21:30,Stormy,Jam,0,Drinks,motorcycle,1.0,No,Metropolitian,35,Food
0x9869,CHENRES18DEL03,31.0,4.9,12.98,80.23,13.04,80.29,01-03-2022,23:40,23:55,Fog,Jam,0,Snack,motorcycle,1.0,No,Metropolitian,29,Food
0x4593,BANGRES17DEL03,31.0,4.8,12.97,77.61,13.06,77.7,16-03-2022,17:10,17:15,Windy,Jam,2,Drinks,scooter,0.0,No,Metropolitian,21,Grocery
0xce38,GOARES19DEL02,24.0,4.7,0.0,0.0,0.02,0.02,11-02-2022,10:40,10:45,Windy,Low,2,Drinks,scooter,1.0,No,Metropolitian,16,Grocery
0xacdc,MUMRES15DEL02,33.0,5.0,19.18,72.84,19.2,72.86,03-03-2022,09:10,09:15,Sandstorms,Jam,2,Drinks,scooter,1.0,No,,24,Food
0xc947,BHPRES04DEL01,39.0,4.6,23.18,77.42,23.29,77.53,14-02-2022,18:25,18:40,Sunny,Jam,1,Buffet,scooter,1.0,No,Metropolitian,18,Food
0xdfa1,KNPRES19DEL03,37.0,4.5,26.49,80.32,26.55,80.38,11-02-2022,22:35,22:40,Stormy,Jam,0,Snack,motorcycle,1.0,No,Metropolitian,24,Food
0x4062,JAPRES17DEL03,26.0,4.8,26.89,75.81,26.92,75.84,01-03-2022,18:35,18:45,Fog,Jam,0,Drinks,motorcycle,1.0,No,Urban,21,Grocery
0x4b99,RANCHIRES07DEL02,35.0,4.4,23.36,85.33,23.41,85.38,26-03-2022,18:30,18:35,Sandstorms,Jam,2,Buffet,motorcycle,1.0,No,Urban,32,Food
0xc529,KOLRES04DEL01,29.0,4.8,22.54,88.36,22.55,88.37,17-02-2022,0.458333333,11:05,Sandstorms,Low,1,Buffet,scooter,0.0,No,Metropolitian,14,Food
0xb9d7,PUNERES02DEL01,24.0,4.8,18.55,73.8,18.56,73.81,19-03-2022,10:55,11:10,Sunny,Low,1,Drinks,motorcycle,1.0,No,Urban,19,Food
0x41ee,JAPRES06DEL02,25.0,4.9,26.91,75.8,27.04,75.93,06-04-2022,17:45,17:55,Sandstorms,Jam,2,Drinks,electric_scooter,1.0,No,Urban,27,Food
0xae81,PUNERES15DEL01,20.0,4.5,18.64,73.75,18.68,73.79,24-03-2022,13:20,13:35,Sandstorms,Jam,0,Drinks,motorcycle,1.0,No,Metropolitian,21,Grocery
0x949a,SURRES18DEL01,28.0,5.0,21.15,72.78,21.22,72.85,06-03-2022,23:30,23:35,Windy,Jam,1,Snack,scooter,,No,Metropolitian,13,Food
0xbb43,RANCHIRES20DEL01,29.0,5.0,23.4,85.39,23.41,85.4,07-03-2022,10:20,10:35,Sunny,Jam,1,Buffet,motorcycle,0.0,No,Metropolitian,21,Food
0x26be,RANCHIRES06DEL02,37.0,4.8,23.36,85.33,23.38,85.35,30-03-2022,0.375,09:15,Stormy,Jam,1,Meal,motorcycle,1.0,No,Urban,27,Food
0xcf60,KOLRES12DEL01,30.0,4.8,22.55,88.35,22.56,88.36,17-02-2022,10:20,10:25,Sandstorms,Jam,2,Drinks,electric_scooter,1.0,No,Metropolitian,28,Grocery
0x665b,COIMBRES06DEL03,23.0,5.0,11.02,77.0,11.11,77.09,12-03-2022,17:20,17:35,Fog,Jam,2,Buffet,scooter,0.0,No,Urban,34,Food
0xd086,LUDHRES08DEL01,36.0,4.5,30.9,75.83,30.97,75.9,12-02-2022,22:10,22:20,Windy,Jam,1,Snack,motorcycle,1.0,No,Metropolitian,18,Food
0x500f,HYDRES13DEL03,39.0,4.5,17.43,78.4,17.52,78.49,02-03-2022,1,24:05:00,Fog,Jam,2,Drinks,motorcycle,0.0,No,Metropolitian,37,Food
0x7f7e,BANGRES01DEL02,28.0,4.9,12.93,77.62,12.98,77.67,09-03-2022,17:45,17:55,Windy,Jam,0,Meal,motorcycle,1.0,No,Metropolitian,13,Food
0xb01d,MUMRES11DEL01,32.0,4.8,18.99,72.83,19.0,72.84,03-04-2022,08:55,0.375,Fog,Jam,2,Drinks,scooter,1.0,No,Metropolitian,18,Food
0x50e7,HYDRES010DEL03,38.0,4.9,17.43,78.4,17.49,78.46,01-03-2022,18:40,18:55,Sandstorms,Jam,1,Snack,motorcycle,1.0,No,Metropolitian,31,Food
0xde8e,BHPRES14DEL03,32.0,4.7,0.0,0.0,0.09,0.09,12-02-2022,18:15,18:30,Sandstorms,Jam,2,Snack,scooter,1.0,No,Metropolitian,24,Food
0x411e,MYSRES20DEL02,35.0,4.8,12.34,76.62,12.47,76.75,29-03-2022,19:55,20:10,Fog,Jam,2,Meal,scooter,1.0,No,Metropolitian,42,Food
0xd14c,KOLRES03DEL03,33.0,4.8,22.53,88.36,22.59,88.42,17-02-2022,22:20,22:30,Sunny,Jam,0,Snack,motorcycle,1.0,No,Urban,21,Food
0x8cc7,HYDRES04DEL02,27.0,4.9,17.41,78.33,17.54,78.46,29-03-2022,20:55,0.875,Sandstorms,Jam,0,Buffet,motorcycle,1.0,No,Metropolitian,32,Food
0x5cde,INDORES07DEL01,28.0,4.9,22.72,75.89,22.79,75.96,08-03-2022,0.833333333,20:15,Sandstorms,Jam,2,Meal,scooter,1.0,No,Metropolitian,17,Food
0x2048,CHENRES18DEL01,27.0,4.6,12.98,80.23,13.02,80.27,05-04-2022,15:50,15:55,Cloudy,Jam,0,Snack,motorcycle,1.0,No,Metropolitian,22,Food
0x759d,BANGRES14DEL01,23.0,5.0,12.95,77.7,13.02,77.77,12-03-2022,21:55,22:05,Windy,Jam,2,Snack,electric_scooter,1.0,No,Metropolitian,27,Food
0x1432,COIMBRES04DEL02,37.0,4.2,11.02,77.01,11.1,77.09,06-04-2022,0.916666667,22:15,Stormy,Jam,2,Drinks,scooter,1.0,No,Urban,37,Grocery
0x7a4d,CHENRES09DEL03,36.0,4.9,13.04,80.26,13.1,80.32,15-03-2022,18:35,18:40,Sunny,Jam,0,Buffet,motorcycle,1.0,No,Urban,24,Food
0xdbab,AGRRES02DEL02,32.0,4.9,0.0,0.0,0.08,0.08,18-02-2022,21:55,0.916666667,Fog,Jam,1,Snack,motorcycle,1.0,No,Metropolitian,47,Food
0x5e22,RANCHIRES09DEL03,38.0,4.8,23.35,85.33,23.41,85.39,24-03-2022,23:10,23:15,Sunny,Jam,2,Buffet,motorcycle,1.0,No,Metropolitian,17,Food
0x6c74,MUMRES02DEL03,38.0,4.8,19.22,72.86,19.28,72.92,01-03-2022,20:25,20:35,Cloudy,Jam,0,Drinks,motorcycle,0.0,No,Metropolitian,27,Food
0xdc27,ALHRES010DEL02,27.0,5.0,0.0,0.0,0.05,0.05,11-02-2022,23:55,24:10:00,Cloudy,Jam,2,Drinks,scooter,1.0,No,Metropolitian,16,Food
0x836d,HYDRES06DEL01,31.0,4.4,17.46,78.38,17.53,78.45,25-03-2022,19:35,19:40,Stormy,Jam,0,Meal,motorcycle,1.0,Yes,Metropolitian,53,Food
0xabbe,HYDRES20DEL02,21.0,4.2,17.48,78.55,17.5,78.57,15-03-2022,0.416666667,10:15,Sandstorms,Low,0,Snack,motorcycle,0.0,No,Metropolitian,16,Food
0x29dd,COIMBRES02DEL01,26.0,4.7,11.02,77.0,11.13,77.11,04-04-2022,21:35,21:50,Windy,Jam,1,Drinks,scooter,0.0,No,,22,Food
0x96c3,PUNERES15DEL01,23.0,4.9,18.64,73.75,18.71,73.82,10-03-2022,18:25,18:30,Cloudy,Jam,2,Snack,motorcycle,2.0,No,Metropolitian,36,Food
0x2f75,RANCHIRES07DEL02,36.0,4.8,23.36,85.33,23.44,85.41,06-04-2022,20:50,0.875,Sunny,Jam,1,Meal,scooter,1.0,No,Metropolitian,15,Food
0x4248,COIMBRES07DEL03,,,10.96,76.97,11.02,77.03,19-03-2022,,24:05:00,,,0,Meal,motorcycle,1.0,No,Metropolitian,17,Food
0x92dd,BANGRES09DEL01,34.0,4.7,12.93,77.62,12.97,77.66,28-03-2022,12:45,0.541666667,Fog,Jam,0,Buffet,motorcycle,1.0,No,Urban,26,Food
0x54b6,COIMBRES07DEL02,20.0,4.9,10.96,76.97,11.04,77.05,31-03-2022,22:15,22:20,Windy,Low,0,Buffet,motorcycle,1.0,No,Metropolitian,15,Food
0x5177,COIMBRES05DEL03,25.0,4.1,11.02,77.0,11.08,77.06,24-03-2022,22:10,22:20,Windy,Jam,0,Buffet,motorcycle,1.0,No,Metropolitian,28,Food
0x9150,INDORES03DEL02,36.0,4.6,22.75,75.87,22.83,75.95,23-03-2022,21:10,21:15,Sunny,Jam,0,Drinks,motorcycle,1.0,No,Urban,30,Food
0x5997,CHENRES18DEL02,27.0,4.7,12.98,80.23,13.06,80.31,10-03-2022,22:50,0.958333333,Fog,Jam,0,Snack,motorcycle,1.0,No,Metropolitian,20,Food
0xc775,AURGRES01DEL02,35.0,4.1,19.88,75.35,19.9,75.37,17-02-2022,10:15,10:25,Stormy,Jam,0,Meal,motorcycle,1.0,No,Metropolitian,32,Food
0x4e36,MYSRES02DEL01,31.0,4.8,12.3,76.64,12.34,76.68,26-03-2022,14:40,14:45,Stormy,Jam,1,Meal,scooter,1.0,No,Metropolitian,26,Food
0xdb58,DEHRES02DEL01,33.0,4.8,0.0,0.0,0.11,0.11,12-02-2022,23:30,23:40,Stormy,Jam,2,Drinks,scooter,1.0,No,Metropolitian,22,Grocery
0x6e6f,JAPRES15DEL01,23.0,5.0,26.89,75.8,27.0,75.91,02-03-2022,0.875,21:10,Cloudy,Jam,2,Drinks,scooter,1.0,No,Metropolitian,44,Grocery
0x8bb9,BANGRES19DEL02,23.0,4.5,12.91,77.68,13.04,77.81,31-03-2022,18:45,18:50,Windy,Jam,2,Drinks,scooter,1.0,No,Urban,26,Food
0x74c1,VADRES12DEL01,29.0,4.7,0.0,0.0,0.11,0.11,25-03-2022,17:25,17:35,Sunny,Jam,1,Snack,motorcycle,0.0,No,Metropolitian,14,Food
0x35ce,COIMBRES010DEL01,29.0,4.8,11.0,76.98,11.04,77.02,28-03-2022,15:20,15:35,Fog,Jam,0,Snack,motorcycle,1.0,No,Metropolitian,26,Food
0xd044,AURGRES13DEL02,30.0,5.0,19.88,75.32,19.93,75.37,15-02-2022,23:15,23:25,Cloudy,Jam,2,Meal,scooter,1.0,No,Urban,19,Food
0xa1a8,HYDRES11DEL02,39.0,4.9,17.43,78.42,17.45,78.44,09-03-2022,10:50,10:55,Sunny,Low,0,Meal,motorcycle,0.0,No,Metropolitian,25,Food
0x2c77,RANCHIRES11DEL03,34.0,4.3,23.36,85.33,23.39,85.36,03-04-2022,17:25,17:30,Windy,Jam,0,Meal,motorcycle,1.0,No,Metropolitian,36,Food
0xbaa4,VADRES20DEL02,36.0,4.8,22.31,73.16,22.33,73.18,05-04-2022,08:50,09:05,Windy,Low,1,Buffet,motorcycle,0.0,No,Metropolitian,29,Food
0x8445,HYDRES12DEL03,30.0,4.9,17.43,78.39,17.49,78.45,11-03-2022,19:45,19:50,Sunny,Jam,1,Drinks,motorcycle,1.0,No,Metropolitian,24,Food
0x3ce8,VADRES14DEL03,29.0,4.8,22.31,73.17,22.34,73.2,19-03-2022,19:55,0.833333333,Fog,Jam,2,Drinks,motorcycle,1.0,No,Metropolitian,29,Food
0x9db4,SURRES08DEL03,24.0,4.7,21.17,72.79,21.23,72.85,09-03-2022,23:30,23:35,Windy,Low,1,Meal,scooter,0.0,No,Metropolitian,10,Food
0x4c17,CHENRES02DEL02,37.0,4.8,13.09,80.22,13.11,80.24,03-04-2022,08:25,08:35,Sunny,Low,1,Drinks,motorcycle,1.0,No,Metropolitian,18,Grocery
0x74f,CHENRES13DEL02,,,13.03,80.25,13.11,80.33,18-03-2022,,22:35,Windy,Low,1,Drinks,motorcycle,0.0,No,Metropolitian,17,Food
0x6d8f,SURRES11DEL02,30.0,4.8,21.16,72.77,21.24,72.85,08-03-2022,23:25,23:30,Stormy,Jam,1,Drinks,motorcycle,1.0,No,Metropolitian,16,Food
0x7b92,HYDRES18DEL03,21.0,4.7,17.45,78.38,17.48,78.41,13-03-2022,23:45,1,Sunny,Jam,0,Buffet,motorcycle,0.0,No,Urban,10,Food
0x11e4,CHENRES17DEL02,33.0,4.7,13.05,80.23,13.1,80.28,24-03-2022,18:45,18:50,Sunny,Jam,0,Snack,motorcycle,0.0,No,Metropolitian,22,Food
0x164d,MYSRES19DEL03,39.0,4.4,12.33,76.62,12.42,76.71,14-03-2022,0.916666667,22:05,Stormy,Jam,0,Meal,motorcycle,1.0,No,Urban,39,Food
0xbeb1,BANGRES11DEL02,25.0,4.8,12.93,77.62,12.98,77.67,01-04-2022,22:30,22:45,Sunny,Jam,1,Drinks,motorcycle,0.0,No,Metropolitian,22,Grocery
0xd2e5,LUDHRES13DEL03,26.0,4.7,30.89,75.82,30.95,75.88,11-02-2022,23:35,23:40,Stormy,Jam,1,Meal,motorcycle,0.0,No,Urban,18,Food
0x7c6,VADRES010DEL01,30.0,5.0,22.31,73.17,22.32,73.18,03-03-2022,08:20,08:35,Sandstorms,Low,2,Drinks,scooter,0.0,No,Metropolitian,25,Grocery
0xd6c5,GOARES07DEL02,37.0,4.7,15.56,73.75,15.58,73.77,17-02-2022,08:35,08:40,Fog,Jam,0,Meal,motorcycle,0.0,No,Metropolitian,20,Food
0xcfaa,DEHRES14DEL02,39.0,4.7,30.32,78.04,30.34,78.06,11-02-2022,09:45,09:55,Fog,Low,0,Buffet,motorcycle,1.0,No,Metropolitian,24,Food
0xb2b,INDORES14DEL02,21.0,4.9,22.76,75.89,22.84,75.97,02-03-2022,18:50,18:55,Sunny,Jam,2,Snack,motorcycle,0.0,No,Metropolitian,19,Food
0x47c2,MYSRES03DEL01,31.0,4.1,12.3,76.64,12.34,76.68,21-03-2022,16:20,16:25,Sandstorms,Jam,0,Meal,motorcycle,0.0,No,Metropolitian,33,Food
0x57d0,JAPRES010DEL01,38.0,4.9,26.92,75.79,26.96,75.83,03-03-2022,14:30,14:35,Sandstorms,Jam,2,Snack,scooter,0.0,No,Metropolitian,25,Food
0xd7fa,AGRRES04DEL02,35.0,4.9,27.2,78.0,27.33,78.13,12-02-2022,17:30,17:40,Fog,Jam,0,Meal,motorcycle,2.0,No,Urban,36,Food
0x462,RANCHIRES11DEL03,,,-23.36,-85.33,23.45,85.42,08-03-2022,,23:50,,,3,Meal,motorcycle,1.0,No,Metropolitian,15,Food
0x6aed,VADRES09DEL03,39.0,4.9,0.0,0.0,0.03,0.03,05-03-2022,17:40,17:50,Cloudy,Jam,2,Snack,scooter,0.0,No,Urban,17,Food
0x7e6e,COIMBRES07DEL02,31.0,4.8,10.96,76.97,11.01,77.02,01-04-2022,18:30,18:45,Sunny,Jam,2,Meal,scooter,1.0,No,Metropolitian,23,Food
0x856d,RANCHIRES14DEL02,39.0,4.1,0.0,0.0,0.02,0.02,05-04-2022,08:15,08:20,Sandstorms,Jam,0,Meal,motorcycle,1.0,No,Metropolitian,29,Food
0x276e,VADRES15DEL03,26.0,4.7,0.0,0.0,0.03,0.03,05-03-2022,19:25,19:35,Stormy,Jam,2,Snack,scooter,0.0,No,Metropolitian,12,Food
0xb26f,CHENRES010DEL03,39.0,4.2,13.07,80.25,13.1,80.28,28-03-2022,0.916666667,22:05,Stormy,Jam,2,Snack,scooter,1.0,No,Metropolitian,32,Food
0x1070,HYDRES02DEL02,,,17.41,78.45,17.46,78.5,24-03-2022,,21:05,Sandstorms,Jam,2,Snack,scooter,1.0,No,Metropolitian,17,Food
0xd010,AGRRES09DEL03,32.0,4.0,0.0,0.0,0.03,0.03,11-02-2022,21:30,21:45,Sandstorms,Jam,0,Buffet,motorcycle,1.0,No,Metropolitian,46,Food
0x6095,RANCHIRES14DEL02,34.0,4.9,0.0,0.0,0.08,0.08,27-03-2022,21:30,21:35,Windy,Jam,0,Meal,motorcycle,1.0,No,Metropolitian,36,Food
0x64c5,SURRES04DEL01,25.0,4.8,21.17,72.8,21.21,72.84,28-03-2022,15:45,15:55,Windy,Jam,2,Buffet,scooter,1.0,No,Metropolitian,28,Food
0xc02,CHENRES010DEL03,38.0,5.0,13.07,80.25,13.1,80.28,21-03-2022,17:10,17:20,Sandstorms,Jam,0,Meal,motorcycle,1.0,No,Metropolitian,32,Food
0x2c0b,BANGRES05DEL03,39.0,4.9,12.97,77.65,13.03,77.71,17-03-2022,19:15,19:30,Windy,Jam,2,Buffet,motorcycle,1.0,No,Metropolitian,30,Food
0x7b16,RANCHIRES17DEL01,33.0,4.3,23.37,85.34,23.41,85.38,24-03-2022,0.708333333,17:15,Stormy,Jam,1,Drinks,motorcycle,0.0,No,Metropolitian,31,Food
0x63cf,BANGRES04DEL01,30.0,4.7,12.98,77.64,13.02,77.68,07-03-2022,16:40,16:50,Sandstorms,Jam,2,Snack,motorcycle,,No,Metropolitian,32,Food
0x223b,VADRES01DEL02,30.0,4.4,22.31,73.17,22.44,73.3,18-03-2022,17:50,0.75,Cloudy,Jam,2,Snack,scooter,1.0,No,Metropolitian,40,Food
0x922a,JAPRES06DEL03,21.0,4.9,26.91,75.8,26.94,75.83,21-03-2022,17:55,18:05,Windy,Jam,0,Meal,motorcycle,0.0,No,Metropolitian,15,Food
0x6c5a,RANCHIRES06DEL01,20.0,4.5,23.36,85.33,23.4,85.37,30-03-2022,13:20,13:35,Sunny,Jam,0,Drinks,motorcycle,1.0,No,Metropolitian,51,Food
0xd5a6,DEHRES12DEL03,28.0,4.6,0.0,0.0,0.03,0.03,13-02-2022,17:20,17:35,Cloudy,Jam,2,Snack,scooter,1.0,No,Metropolitian,17,Food
0xc72d,AURGRES01DEL01,26.0,4.6,19.88,75.35,19.89,75.36,13-02-2022,11:30,11:35,Fog,Jam,1,Buffet,motorcycle,0.0,No,Metropolitian,22,Food
0xcda0,ALHRES18DEL02,31.0,4.3,25.45,81.83,25.47,81.85,13-02-2022,0.5,12:10,Windy,Jam,0,Buffet,motorcycle,1.0,Yes,Metropolitian,48,Food
0xd719,GOARES20DEL01,27.0,4.6,0.0,0.0,0.07,0.07,12-02-2022,19:25,19:30,Fog,Jam,0,Snack,motorcycle,1.0,Yes,Metropolitian,43,Food
0x6a7b,MUMRES11DEL02,32.0,5.0,18.99,72.83,19.12,72.96,29-03-2022,21:10,21:25,Sandstorms,Jam,1,Meal,scooter,0.0,No,Metropolitian,25,Food
0x2d99,SURRES05DEL02,23.0,4.9,21.18,72.8,21.2,72.82,30-03-2022,09:40,09:55,Sunny,Jam,0,Snack,motorcycle,0.0,No,Urban,10,Food
0x9bfd,PUNERES09DEL02,26.0,4.9,18.54,73.9,18.59,73.95,07-03-2022,19:20,19:25,Cloudy,Jam,2,Meal,scooter,1.0,No,Metropolitian,25,Food
0x685c,SURRES06DEL01,34.0,5.0,21.19,72.81,21.3,72.92,08-03-2022,0.791666667,19:10,Fog,Jam,1,Snack,motorcycle,1.0,No,Metropolitian,30,Food
0x340d,PUNERES07DEL02,37.0,4.7,18.55,73.9,18.6,73.95,26-03-2022,18:20,18:35,Windy,Jam,2,Meal,scooter,0.0,No,Metropolitian,25,Food
0x3922,COIMBRES010DEL03,21.0,4.9,11.0,76.98,11.03,77.01,01-03-2022,18:30,18:35,Windy,Jam,2,Snack,scooter,0.0,No,,24,Food
0x9205,MYSRES02DEL02,28.0,4.6,12.3,76.64,12.35,76.69,09-03-2022,18:30,18:35,Cloudy,Jam,0,Drinks,motorcycle,0.0,No,Metropolitian,27,Grocery
0xae90,VADRES04DEL02,23.0,4.8,0.0,0.0,0.02,0.02,05-04-2022,10:20,10:35,Windy,Low,1,Buffet,motorcycle,1.0,No,Urban,11,Food
0x3d6a,INDORES08DEL01,33.0,4.7,22.73,75.9,22.84,76.01,29-03-2022,20:20,20:30,Sandstorms,Jam,1,Meal,motorcycle,1.0,No,Metropolitian,25,Food
0x8376,MYSRES19DEL03,37.0,4.5,12.33,76.62,12.36,76.65,15-03-2022,0.958333333,23:10,Fog,Low,1,Meal,scooter,1.0,No,Metropolitian,16,Food
0xb6aa,COIMBRES06DEL01,22.0,4.9,11.02,77.0,11.09,77.07,31-03-2022,19:50,0.833333333,Windy,Jam,1,Buffet,motorcycle,1.0,No,Urban,16,Food
0x3730,HYDRES04DEL03,29.0,5.0,17.41,78.33,17.5,78.42,10-03-2022,0.916666667,22:15,Sandstorms,Jam,0,Drinks,motorcycle,0.0,No,Urban,27,Food
0x9481,JAPRES05DEL03,32.0,4.6,26.91,75.79,26.94,75.82,24-03-2022,23:35,23:50,Cloudy,Jam,0,Snack,motorcycle,1.0,No,Metropolitian,24,Food
0xe19d,GOARES17DEL03,36.0,4.9,15.5,73.83,15.53,73.86,13-02-2022,22:35,22:50,Fog,Jam,1,Snack,motorcycle,0.0,No,Metropolitian,15,Food
0x30d5,COIMBRES07DEL03,37.0,4.7,10.96,76.97,10.99,77.0,28-03-2022,23:40,23:50,Fog,Jam,0,Snack,motorcycle,0.0,No,Metropolitian,26,Food
0x998b,JAPRES010DEL01,31.0,4.8,26.92,75.79,26.93,75.8,05-03-2022,10:40,10:50,Fog,Low,1,Buffet,motorcycle,0.0,No,Metropolitian,19,Food
0xb76a,PUNERES06DEL03,21.0,4.9,18.55,73.9,18.61,73.96,07-03-2022,18:25,18:30,Fog,Jam,1,Buffet,motorcycle,1.0,No,Metropolitian,18,Food
0xc371,AGRRES01DEL01,,,27.16,78.01,27.23,78.08,12-02-2022,,23:05,Windy,Jam,1,Meal,motorcycle,1.0,No,Urban,12,Food
0xa472,JAPRES20DEL03,35.0,4.5,26.96,75.78,27.05,75.87,10-03-2022,20:45,0.875,Stormy,Jam,1,Meal,scooter,3.0,Yes,Metropolitian,44,Food
0xa0d3,COIMBRES14DEL01,36.0,4.9,11.0,76.98,11.07,77.05,23-03-2022,22:20,22:25,Windy,Jam,0,Buffet,motorcycle,1.0,No,Metropolitian,23,Food
0x8dcd,CHENRES05DEL02,34.0,4.5,13.06,80.26,13.11,80.31,30-03-2022,20:40,20:50,Windy,Jam,2,Snack,motorcycle,0.0,No,Metropolitian,26,Food
0xc362,KOCRES03DEL01,26.0,4.5,10.02,76.31,10.03,76.32,17-02-2022,0.458333333,11:10,Fog,Jam,0,Drinks,motorcycle,1.0,No,Urban,22,Grocery
0xa2da,JAPRES02DEL01,39.0,4.7,26.91,75.81,26.98,75.88,08-03-2022,19:55,20:05,Sunny,Jam,1,Meal,scooter,1.0,No,Metropolitian,19,Food
0x2e43,MYSRES18DEL01,33.0,4.7,12.34,76.62,12.35,76.63,15-03-2022,09:15,09:25,Sunny,Jam,1,Buffet,scooter,1.0,No,Urban,10,Food
0x7377,VADRES19DEL01,36.0,4.9,22.31,73.17,22.38,73.24,10-03-2022,17:55,18:05,Windy,Jam,0,Snack,motorcycle,1.0,No,,40,Food
0xd667,BHPRES07DEL02,36.0,4.6,0.0,0.0,0.08,0.08,18-02-2022,22:25,22:40,Stormy,Jam,1,Meal,scooter,0.0,No,Metropolitian,25,Food
0x3efa,RANCHIRES05DEL01,27.0,4.5,23.36,85.32,23.37,85.33,01-04-2022,11:15,11:30,Cloudy,Jam,0,Drinks,motorcycle,1.0,No,Urban,20,Grocery
0xdc40,KOLRES17DEL02,37.0,4.8,22.57,88.43,22.62,88.48,11-02-2022,21:35,21:40,Stormy,Jam,2,Buffet,electric_scooter,1.0,No,Metropolitian,28,Food
0x8530,VADRES02DEL02,28.0,4.7,0.0,0.0,0.05,0.05,19-03-2022,23:20,23:35,Cloudy,Jam,2,Meal,scooter,0.0,No,Metropolitian,17,Food
0xbb2,INDORES18DEL01,21.0,4.7,22.75,75.9,22.86,76.01,04-03-2022,22:50,23:05,Sandstorms,Low,2,Meal,scooter,0.0,No,Metropolitian,15,Food
0x632b,COIMBRES15DEL01,28.0,4.3,11.01,76.95,11.02,76.96,15-03-2022,10:35,10:50,Stormy,Jam,0,Snack,motorcycle,0.0,No,Metropolitian,21,Food
0xa652,INDORES17DEL03,26.0,3.9,22.76,75.89,22.79,75.92,13-03-2022,20:35,20:40,Sunny,Jam,0,Meal,motorcycle,0.0,No,Metropolitian,46,Food
0x325f,HYDRES05DEL01,39.0,4.7,17.43,78.39,17.47,78.43,11-03-2022,16:45,16:55,Fog,Jam,2,Snack,scooter,0.0,No,Metropolitian,18,Food
0xd3e6,BHPRES08DEL01,27.0,4.8,23.23,77.43,23.24,77.44,15-02-2022,09:10,09:15,Fog,Jam,1,Meal,motorcycle,0.0,No,Urban,10,Food
0xd229,GOARES17DEL03,38.0,4.7,15.5,73.83,15.53,73.86,11-02-2022,17:40,17:45,Sunny,Jam,0,Drinks,motorcycle,1.0,No,Metropolitian,29,Food
0x2e15,RANCHIRES16DEL03,32.0,4.1,23.37,85.33,23.43,85.39,30-03-2022,21:55,0.916666667,Stormy,Jam,0,Buffet,motorcycle,1.0,No,Metropolitian,42,Food
0xb76e,RANCHIRES09DEL01,25.0,5.0,23.35,85.33,23.42,85.4,10-03-2022,19:35,19:50,Fog,Jam,1,Buffet,motorcycle,1.0,No,Metropolitian,35,Food
0x953e,COIMBRES16DEL02,38.0,4.9,11.01,76.95,11.06,77.0,01-04-2022,21:10,21:20,Windy,Jam,1,Meal,scooter,1.0,No,Metropolitian,28,Food
0x44bc,PUNERES02DEL02,33.0,4.9,18.55,73.8,18.68,73.93,12-03-2022,18:15,18:30,Stormy,Jam,2,Snack,motorcycle,1.0,No,Metropolitian,22,Food
0x2d82,HYDRES11DEL01,31.0,4.7,17.43,78.42,17.47,78.46,15-03-2022,16:55,17:05,Cloudy,Jam,1,Drinks,motorcycle,1.0,No,Urban,17,Food
0x218d,PUNERES12DEL01,22.0,4.6,18.52,73.83,18.53,73.84,28-03-2022,09:20,09:30,Sunny,Low,0,Drinks,motorcycle,0.0,No,Metropolitian,16,Food
0x3d76,VADRES14DEL02,27.0,4.8,22.31,73.17,22.44,73.3,14-03-2022,22:20,22:35,Fog,Low,1,Buffet,motorcycle,1.0,No,Metropolitian,22,Food
0xafd7,PUNERES17DEL03,31.0,4.9,18.53,73.83,18.56,73.86,26-03-2022,23:50,24:05:00,Windy,Jam,1,Snack,scooter,1.0,No,Metropolitian,23,Food
0xa66,CHENRES12DEL02,29.0,4.5,12.97,80.25,13.1,80.38,16-03-2022,23:35,23:50,Windy,Low,0,Buffet,motorcycle,0.0,No,Urban,17,Food
0x353d,MUMRES13DEL02,27.0,4.2,19.18,72.83,19.23,72.88,05-03-2022,23:30,23:45,Sandstorms,Jam,0,Meal,motorcycle,1.0,No,Urban,18,Food
0x8d35,BANGRES15DEL01,35.0,5.0,12.98,77.7,12.99,77.71,26-03-2022,11:15,11:25,Stormy,Jam,0,Snack,motorcycle,1.0,No,Metropolitian,43,Food
0x5ae0,HYDRES09DEL03,34.0,4.5,17.43,78.41,17.52,78.5,04-04-2022,17:55,18:10,Stormy,Jam,2,Drinks,electric_scooter,1.0,No,Metropolitian,23,Grocery
0x293c,PUNERES08DEL03,36.0,4.2,18.53,73.9,18.59,73.96,01-04-2022,18:30,18:45,Cloudy,Jam,0,Buffet,motorcycle,1.0,No,Metropolitian,33,Food
0x536c,BANGRES14DEL02,38.0,5.0,12.95,77.7,12.97,77.72,19-03-2022,0.5,12:05,Cloudy,Jam,0,Snack,motorcycle,0.0,No,Metropolitian,25,Food
0xd6de,LUDHRES08DEL03,25.0,4.6,30.9,75.83,30.93,75.86,13-02-2022,22:45,0.958333333,Stormy,Jam,2,Meal,scooter,0.0,No,Urban,19,Food
0xd3f0,BHPRES19DEL02,27.0,4.8,0.0,0.0,0.08,0.08,12-02-2022,19:40,19:50,Sunny,Jam,1,Buffet,scooter,0.0,No,Metropolitian,12,Food
0x577c,CHENRES04DEL03,33.0,4.7,13.03,80.21,13.06,80.24,09-03-2022,1,24:15:00,Sunny,Jam,2,Drinks,scooter,0.0,No,Metropolitian,10,Grocery
0x83ad,RANCHIRES15DEL03,32.0,4.8,23.37,85.34,23.43,85.4,05-04-2022,20:45,0.875,Fog,Jam,0,Drinks,motorcycle,1.0,No,Metropolitian,33,Grocery
0x40a7,JAPRES12DEL03,28.0,4.9,26.9,75.79,26.93,75.82,09-03-2022,18:55,19:05,Sandstorms,Jam,2,Buffet,motorcycle,1.0,No,Metropolitian,27,Food
0x179b,INDORES13DEL02,25.0,4.2,22.75,75.89,22.77,75.91,05-04-2022,08:20,08:25,Windy,Jam,0,Buffet,motorcycle,1.0,No,Metropolitian,29,Food
0xa229,HYDRES16DEL02,36.0,4.7,17.44,78.39,17.46,78.41,07-03-2022,11:50,12:05,Windy,Low,2,Drinks,motorcycle,1.0,No,Urban,25,Food
0x8229,BANGRES19DEL01,26.0,4.9,12.91,77.68,12.98,77.75,31-03-2022,21:35,21:40,Sandstorms,Jam,2,Drinks,scooter,1.0,No,Metropolitian,17,Grocery
0x1f3c,BANGRES09DEL02,22.0,5.0,12.93,77.62,13.06,77.75,06-04-2022,21:10,21:25,Sunny,Jam,0,Snack,motorcycle,2.0,No,Metropolitian,34,Food
0xbb48,COIMBRES01DEL01,39.0,4.9,11.02,76.97,11.09,77.04,14-03-2022,21:30,21:45,Windy,Jam,2,Buffet,scooter,1.0,No,Metropolitian,29,Food
0xdbdd,KOCRES09DEL03,34.0,4.7,10.0,76.35,10.06,76.41,17-02-2022,21:25,21:35,Fog,Jam,1,Snack,motorcycle,1.0,No,Metropolitian,34,Food
0xbfc4,ALHRES20DEL02,33.0,4.8,25.45,81.83,25.47,81.85,17-02-2022,09:30,09:40,Stormy,Jam,1,Meal,scooter,1.0,No,Metropolitian,28,Food
0x154a,MYSRES08DEL02,31.0,4.6,12.3,76.67,12.35,76.72,05-03-2022,18:45,18:50,Sandstorms,Jam,0,Snack,motorcycle,1.0,No,Urban,26,Food
0x8273,BANGRES08DEL01,35.0,5.0,12.91,77.6,12.95,77.64,01-04-2022,14:55,0.625,Cloudy,Jam,2,Drinks,scooter,1.0,No,Urban,37,Food
0x69a2,JAPRES05DEL02,29.0,4.7,26.91,75.79,27.04,75.92,06-04-2022,18:55,19:05,Sandstorms,Jam,1,Meal,scooter,0.0,No,Metropolitian,23,Food
0xa03a,SURRES02DEL01,32.0,3.8,21.19,72.79,21.3,72.9,18-03-2022,19:35,19:40,Windy,Jam,2,Drinks,motorcycle,0.0,No,Metropolitian,31,Grocery
0x8fb2,PUNERES15DEL02,29.0,4.0,18.64,73.75,18.72,73.83,12-03-2022,21:20,21:30,Stormy,Jam,0,Meal,motorcycle,1.0,No,Urban,33,Food
0x42ec,CHENRES09DEL01,23.0,4.9,13.04,80.26,13.08,80.3,28-03-2022,0.541666667,13:10,Windy,Jam,1,Buffet,motorcycle,0.0,No,Metropolitian,13,Food
0xa8fb,RANCHIRES18DEL02,24.0,5.0,23.35,85.32,23.37,85.34,07-03-2022,0.5,12:15,Stormy,Jam,2,Buffet,motorcycle,0.0,No,Metropolitian,11,Food
0x8105,INDORES05DEL01,39.0,4.7,22.73,75.88,22.74,75.89,09-03-2022,08:25,08:30,Fog,Low,2,Snack,electric_scooter,1.0,No,Metropolitian,16,Food
0x238b,HYDRES12DEL02,20.0,4.9,17.43,78.39,17.45,78.41,05-03-2022,11:35,11:40,Windy,Low,0,Snack,motorcycle,1.0,No,Metropolitian,16,Food
0x9e79,JAPRES11DEL03,31.0,4.6,26.9,75.79,26.99,75.88,06-04-2022,22:20,22:30,Sandstorms,Jam,2,Drinks,motorcycle,1.0,No,Urban,17,Grocery
0x1f79,MUMRES06DEL01,22.0,4.9,19.06,72.83,19.17,72.94,02-03-2022,23:20,23:35,Cloudy,Low,0,Buffet,motorcycle,1.0,No,Metropolitian,22,Food
0xe199,BHPRES07DEL02,34.0,4.7,0.0,0.0,0.13,0.13,12-02-2022,21:15,21:30,Cloudy,Jam,1,Drinks,motorcycle,2.0,No,Metropolitian,40,Food
0xc386,KOLRES14DEL03,,,22.55,88.35,22.58,88.38,11-02-2022,,22:40,Sunny,Jam,0,Snack,motorcycle,1.0,No,Metropolitian,13,Food
0x5e76,RANCHIRES03DEL03,29.0,4.9,0.0,0.0,0.03,0.03,09-03-2022,18:35,18:50,Sunny,Jam,1,Buffet,scooter,0.0,No,Metropolitian,17,Food
0x6c6,RANCHIRES08DEL01,34.0,4.8,23.35,85.33,23.42,85.4,14-03-2022,23:10,23:20,Fog,Low,2,Meal,motorcycle,0.0,No,Metropolitian,28,Food
0xe08f,BHPRES05DEL01,25.0,4.8,23.21,77.43,23.25,77.47,15-02-2022,16:50,0.708333333,Windy,Jam,0,Buffet,motorcycle,1.0,No,Urban,15,Food
0xb81a,CHENRES02DEL02,25.0,4.9,13.09,80.22,13.14,80.27,26-03-2022,17:10,17:15,Windy,Jam,2,Meal,scooter,1.0,No,Metropolitian,29,Food
0x95b6,VADRES20DEL03,35.0,4.8,22.31,73.16,22.37,73.22,13-03-2022,19:10,19:20,Fog,Jam,1,Drinks,motorcycle,1.0,No,Metropolitian,30,Grocery
0x6742,MUMRES13DEL03,24.0,4.5,19.18,72.83,19.24,72.89,15-03-2022,23:40,23:45,Fog,Jam,0,Meal,motorcycle,0.0,No,Metropolitian,24,Food
0x7da4,SURRES14DEL01,28.0,4.6,21.16,72.77,21.17,72.78,17-03-2022,0.416666667,10:05,Stormy,Low,1,Meal,motorcycle,0.0,No,Metropolitian,11,Food
0x3493,SURRES06DEL02,20.0,4.9,21.19,72.81,21.27,72.89,27-03-2022,22:25,22:35,Windy,Jam,0,Meal,motorcycle,0.0,No,Metropolitian,24,Food
0xba88,CHENRES15DEL01,37.0,5.0,13.03,80.28,13.1,80.35,02-04-2022,17:25,17:40,Sandstorms,Jam,2,Meal,scooter,1.0,No,Urban,29,Food
0xcf61,AGRRES16DEL01,38.0,3.8,0.0,0.0,0.07,0.07,18-02-2022,23:10,23:15,Fog,Jam,1,Drinks,motorcycle,1.0,No,Metropolitian,33,Food
0xbd23,BANGRES13DEL02,34.0,4.8,12.94,77.61,12.96,77.63,05-04-2022,08:20,08:30,Fog,Low,1,Snack,scooter,1.0,No,Metropolitian,17,Food
0xd3e,MYSRES04DEL01,29.0,4.7,12.31,76.67,12.32,76.68,05-03-2022,10:15,10:30,Sunny,Jam,2,Snack,motorcycle,0.0,No,Urban,17,Food
0x1a29,MUMRES20DEL01,27.0,4.4,19.1,72.85,19.17,72.92,27-03-2022,17:30,17:35,Stormy,Jam,0,Buffet,motorcycle,1.0,No,Metropolitian,33,Food
0x9d8,SURRES04DEL01,27.0,4.1,21.17,72.8,21.24,72.87,23-03-2022,19:40,19:45,Fog,Jam,2,Snack,motorcycle,0.0,No,Metropolitian,44,Food
0x3a89,BANGRES07DEL02,38.0,4.8,12.98,77.64,13.0,77.66,07-03-2022,10:35,10:45,Windy,Jam,2,Buffet,electric_scooter,0.0,No,Metropolitian,27,Food
0x78a9,VADRES11DEL01,37.0,4.1,22.31,73.17,22.38,73.24,10-03-2022,18:30,18:45,Sunny,Jam,0,Buffet,motorcycle,2.0,No,Metropolitian,38,Food
0x5634,VADRES02DEL02,37.0,5.0,0.0,0.0,0.05,0.05,11-03-2022,18:10,18:25,Fog,Jam,2,Drinks,scooter,0.0,No,Metropolitian,18,Food
0x29fb,BANGRES18DEL03,35.0,4.6,12.91,77.68,13.0,77.77,02-03-2022,18:10,18:20,Sandstorms,Jam,0,Drinks,motorcycle,0.0,No,Metropolitian,37,Grocery
0x4641,RANCHIRES18DEL01,25.0,4.9,23.35,85.32,23.39,85.36,30-03-2022,12:55,13:05,Windy,Jam,2,Snack,scooter,1.0,No,Metropolitian,20,Food
0x4dc2,JAPRES05DEL03,28.0,4.8,26.91,75.79,27.05,75.93,06-03-2022,21:40,21:50,Cloudy,Jam,2,Snack,electric_scooter,0.0,No,Metropolitian,37,Food
0x41a1,RANCHIRES13DEL02,33.0,4.6,23.37,85.34,23.39,85.36,01-03-2022,08:10,08:20,Cloudy,Low,1,Buffet,motorcycle,1.0,No,Metropolitian,19,Food
0x6df6,COIMBRES06DEL02,29.0,4.9,11.02,77.0,11.1,77.08,04-04-2022,20:25,20:35,Sandstorms,Jam,2,Snack,motorcycle,1.0,No,Metropolitian,24,Food
0x2d53,SURRES03DEL01,21.0,4.7,21.19,72.79,21.3,72.9,02-04-2022,17:20,17:35,Stormy,Jam,1,Snack,scooter,1.0,No,Metropolitian,15,Food
0x535e,SURRES02DEL01,27.0,4.6,21.19,72.79,21.2,72.8,03-04-2022,10:55,0.458333333,Windy,Jam,2,Drinks,scooter,0.0,No,Metropolitian,12,Grocery
0xd247,LUDHRES12DEL02,32.0,4.9,30.89,75.82,30.94,75.87,11-02-2022,21:20,21:25,Sunny,Jam,1,Meal,scooter,1.0,No,Metropolitian,16,Food
0xaad,COIMBRES17DEL03,,,11.03,76.94,11.12,77.03,18-03-2022,,20:20,Windy,Jam,0,Drinks,motorcycle,1.0,No,Metropolitian,26,Food
0xb8c2,CHENRES18DEL02,35.0,4.5,12.98,80.23,13.0,80.25,19-03-2022,10:50,0.458333333,Windy,Jam,0,Buffet,motorcycle,1.0,No,Urban,20,Food
0xccb2,LUDHRES13DEL03,37.0,3.6,30.89,75.82,30.98,75.91,12-02-2022,18:30,18:40,Stormy,Jam,2,Snack,scooter,1.0,No,Metropolitian,38,Food
0x9566,SURRES08DEL03,28.0,5.0,21.17,72.79,21.2,72.82,01-04-2022,23:45,1,Sunny,Jam,2,Buffet,motorcycle,0.0,No,Urban,15,Food
0x7dcf,HYDRES03DEL03,32.0,4.7,17.42,78.45,17.51,78.54,29-03-2022,0.958333333,23:05,Windy,Low,0,Buffet,motorcycle,1.0,No,Metropolitian,25,Food
0xcc88,LUDHRES20DEL03,29.0,4.8,30.89,75.79,30.92,75.82,13-02-2022,19:55,20:10,Sunny,Jam,1,Drinks,scooter,0.0,No,Urban,10,Grocery
0x74d8,HYDRES07DEL02,38.0,4.8,17.42,78.35,17.44,78.37,30-03-2022,10:45,10:50,Sunny,Low,1,Snack,scooter,1.0,No,Urban,17,Food
0xdd97,DEHRES19DEL02,28.0,4.8,30.37,78.08,30.39,78.1,15-02-2022,08:35,08:40,Sunny,Jam,2,Drinks,scooter,0.0,No,Metropolitian,16,Grocery
0xab97,MYSRES11DEL03,20.0,4.9,12.32,76.63,12.35,76.66,09-03-2022,20:10,20:15,Stormy,Jam,1,Buffet,motorcycle,1.0,No,Metropolitian,27,Food
0xc3ed,ALHRES12DEL02,23.0,4.7,25.44,81.86,25.57,81.99,18-02-2022,21:30,21:45,Fog,Jam,1,Buffet,motorcycle,1.0,No,Metropolitian,33,Food
0xb1a5,BANGRES14DEL01,23.0,5.0,12.95,77.7,13.06,77.81,16-03-2022,18:30,18:35,Fog,Jam,1,Buffet,scooter,1.0,No,Metropolitian,30,Food
0x690e,COIMBRES06DEL02,25.0,4.7,11.02,77.0,11.15,77.13,29-03-2022,18:20,18:25,Sandstorms,Jam,0,Meal,motorcycle,1.0,No,Metropolitian,28,Food
0x1efe,SURRES09DEL01,39.0,4.9,21.18,72.8,21.25,72.87,27-03-2022,17:45,17:55,Stormy,Jam,0,Buffet,motorcycle,1.0,No,Metropolitian,39,Food
0xd1b8,AURGRES19DEL02,25.0,4.7,19.87,75.32,19.92,75.37,13-02-2022,1,24:10:00,Sandstorms,Jam,1,Snack,scooter,1.0,No,Urban,19,Food
0xc379,DEHRES17DEL03,,,30.33,78.05,30.42,78.14,12-02-2022,,17:55,Fog,Jam,1,Snack,scooter,1.0,No,Metropolitian,34,Food
0xb37,MYSRES16DEL02,28.0,4.5,12.32,76.6,12.45,76.73,12-03-2022,21:20,21:35,Stormy,Jam,2,Buffet,scooter,0.0,No,Urban,23,Food
0xdd9f,DEHRES08DEL01,25.0,4.6,30.36,78.07,30.47,78.18,16-02-2022,22:10,22:15,Windy,Jam,1,Drinks,motorcycle,1.0,No,Metropolitian,17,Food
0x8a34,PUNERES010DEL01,38.0,4.8,18.54,73.9,18.55,73.91,05-03-2022,10:25,10:30,Windy,Jam,1,Snack,motorcycle,1.0,No,Urban,28,Food
0xc230,ALHRES12DEL02,29.0,4.6,25.44,81.86,25.57,81.99,16-02-2022,23:25,23:40,Sandstorms,Jam,1,Snack,motorcycle,0.0,No,Metropolitian,19,Food
0x39f7,JAPRES07DEL03,38.0,4.7,26.77,75.84,26.83,75.9,05-04-2022,17:50,0.75,Cloudy,Jam,1,Meal,scooter,,No,Metropolitian,16,Food
0x8e20,JAPRES16DEL03,23.0,4.6,26.85,75.8,26.91,75.86,17-03-2022,21:25,21:35,Sunny,Jam,2,Meal,scooter,1.0,No,Urban,19,Food
0x46e7,CHENRES16DEL02,28.0,4.1,13.05,80.24,13.13,80.32,18-03-2022,19:50,19:55,Fog,Jam,1,Buffet,scooter,1.0,No,Metropolitian,44,Food
0x9acc,INDORES09DEL02,20.0,4.7,22.73,75.89,22.81,75.97,18-03-2022,22:20,22:30,Cloudy,Jam,1,Meal,scooter,0.0,No,Urban,20,Food
0xa0e6,HYDRES08DEL01,27.0,4.2,17.44,78.4,17.51,78.47,02-04-2022,0.875,21:15,Cloudy,Jam,2,Snack,scooter,1.0,No,Metropolitian,39,Food
0x2656,MYSRES010DEL02,33.0,4.9,12.32,76.62,12.34,76.64,15-03-2022,08:15,08:30,Sunny,Jam,2,Meal,motorcycle,0.0,No,Metropolitian,14,Food
0x50db,RANCHIRES12DEL03,39.0,4.3,0.0,0.0,0.09,0.09,10-03-2022,21:10,21:15,Windy,Jam,1,Buffet,motorcycle,2.0,No,Metropolitian,40,Food
0x917f,PUNERES12DEL01,38.0,4.1,18.52,73.83,18.59,73.9,14-03-2022,17:15,17:30,Fog,Jam,1,Buffet,motorcycle,2.0,No,Metropolitian,36,Food
0x728a,PUNERES02DEL01,34.0,4.1,18.55,73.8,18.56,73.81,11-03-2022,11:10,11:20,Cloudy,Jam,1,Buffet,scooter,0.0,No,Metropolitian,35,Food
0xd306,GOARES11DEL03,26.0,4.8,15.54,73.76,15.6,73.82,13-02-2022,22:30,22:35,Windy,Jam,1,Snack,motorcycle,0.0,No,,14,Food
0x5064,BANGRES13DEL03,21.0,4.2,12.94,77.61,13.0,77.67,07-03-2022,23:40,23:45,Stormy,Jam,0,Buffet,motorcycle,0.0,No,Urban,23,Food
0xd8af,ALHRES12DEL03,22.0,4.7,25.44,81.86,25.58,82.0,16-02-2022,22:55,23:10,Cloudy,Jam,2,Drinks,electric_scooter,0.0,No,Metropolitian,26,Grocery
0x1c54,MYSRES16DEL03,26.0,4.6,12.32,76.6,12.35,76.63,17-03-2022,20:15,20:20,Cloudy,Jam,0,Snack,motorcycle,1.0,No,Metropolitian,21,Food
0x30df,INDORES09DEL03,25.0,4.9,22.73,75.89,22.82,75.98,06-04-2022,20:30,20:35,Windy,Jam,2,Snack,scooter,1.0,No,Metropolitian,28,Food
0x726e,MYSRES20DEL03,32.0,5.0,12.34,76.62,12.4,76.68,01-03-2022,21:45,21:55,Stormy,Jam,1,Buffet,motorcycle,,No,Metropolitian,33,Food
0x7170,BANGRES03DEL02,23.0,4.6,12.98,77.64,13.03,77.69,03-03-2022,18:55,0.791666667,Stormy,Jam,0,Drinks,motorcycle,1.0,No,Metropolitian,21,Grocery
0x675a,VADRES05DEL02,26.0,4.4,22.31,73.17,22.33,73.19,09-03-2022,08:40,08:55,Stormy,Low,0,Buffet,motorcycle,1.0,No,,22,Food
0x310e,RANCHIRES01DEL01,37.0,5.0,23.42,85.32,23.43,85.33,15-03-2022,11:50,0.5,Fog,Jam,2,Snack,motorcycle,0.0,No,Metropolitian,36,Food
0x5bca,MYSRES20DEL01,38.0,4.2,12.34,76.62,12.38,76.66,05-03-2022,13:25,13:40,Fog,Jam,0,Meal,motorcycle,0.0,No,Metropolitian,33,Food
0x1275,MYSRES09DEL02,20.0,4.4,12.32,76.63,12.37,76.68,15-03-2022,19:30,19:35,Fog,Jam,2,Snack,scooter,1.0,No,Metropolitian,34,Food
0x3442,INDORES11DEL01,20.0,4.9,22.75,75.89,22.86,76.0,31-03-2022,18:30,18:40,Windy,Jam,1,Buffet,scooter,1.0,No,Metropolitian,24,Food
0xa816,MUMRES16DEL03,29.0,5.0,19.12,72.91,19.21,73.0,23-03-2022,0.875,21:05,Fog,Jam,0,Drinks,motorcycle,1.0,No,Metropolitian,48,Grocery
0x9dca,VADRES01DEL02,27.0,4.8,22.31,73.17,22.33,73.19,01-04-2022,09:55,10:10,Stormy,Jam,2,Meal,scooter,1.0,No,Urban,16,Food
0x2aa7,CHENRES04DEL01,21.0,4.6,13.03,80.21,13.14,80.32,20-03-2022,20:55,21:05,Sandstorms,Jam,2,Drinks,scooter,1.0,No,Metropolitian,24,Food
0xa189,SURRES04DEL01,37.0,4.8,21.17,72.8,21.24,72.87,14-03-2022,20:55,21:05,Stormy,Jam,0,Meal,motorcycle,2.0,No,Urban,37,Food
0x4700,COIMBRES19DEL01,35.0,4.9,11.02,77.0,11.09,77.07,27-03-2022,19:35,19:40,Fog,Jam,0,Snack,motorcycle,1.0,No,Metropolitian,48,Food
0x7823,SURRES16DEL03,26.0,4.7,21.16,72.77,21.22,72.83,24-03-2022,18:40,18:45,Stormy,Jam,0,Meal,motorcycle,0.0,No,Urban,11,Food
0xd7aa,KNPRES11DEL02,37.0,4.9,26.47,80.34,26.49,80.36,17-02-2022,08:25,08:35,Sunny,Jam,1,Snack,motorcycle,0.0,No,Urban,14,Food
0x3e82,PUNERES06DEL02,23.0,5.0,18.55,73.9,18.68,74.03,25-03-2022,19:25,19:40,Sunny,Jam,1,Drinks,motorcycle,1.0,No,Urban,24,Food
0x323a,PUNERES15DEL03,34.0,4.5,18.64,73.75,18.73,73.84,31-03-2022,22:50,22:55,Sandstorms,Jam,1,Drinks,motorcycle,0.0,No,Metropolitian,18,Grocery
0x4e87,VADRES05DEL01,31.0,4.3,22.31,73.17,22.42,73.28,04-03-2022,0.916666667,22:05,Fog,Jam,2,Meal,motorcycle,1.0,No,Metropolitian,37,Food
0xc452,KOCRES05DEL03,36.0,4.4,9.97,76.29,10.06,76.38,16-02-2022,19:20,19:30,Stormy,Jam,1,Drinks,scooter,1.0,No,Metropolitian,39,Food
0xb619,INDORES13DEL01,35.0,4.8,22.75,75.89,22.82,75.96,06-03-2022,0.958333333,23:15,Sunny,Jam,2,Snack,scooter,1.0,No,Urban,20,Food
0xc714,BHPRES14DEL03,29.0,2.5,0.0,0.0,0.09,0.09,18-02-2022,22:55,23:05,Sunny,Jam,2,Drinks,scooter,1.0,Yes,Metropolitian,41,Grocery
0xbe82,VADRES07DEL02,34.0,5.0,0.0,0.0,0.05,0.05,05-04-2022,22:20,22:30,Sunny,Jam,2,Buffet,scooter,1.0,No,Metropolitian,19,Food
0x1420,SURRES01DEL02,20.0,4.9,21.19,72.79,21.24,72.84,07-03-2022,0.916666667,22:10,Sandstorms,Jam,2,Meal,motorcycle,0.0,No,Urban,16,Food
0x8cb2,PUNERES02DEL01,23.0,4.6,18.55,73.8,18.59,73.84,26-03-2022,12:20,12:25,Windy,Jam,2,Snack,scooter,0.0,No,Metropolitian,21,Food
0x1bec,HYDRES02DEL01,24.0,4.7,17.41,78.45,17.42,78.46,11-03-2022,0.5,12:10,Sunny,Jam,2,Drinks,electric_scooter,0.0,No,Urban,13,Food
0x33fd,RANCHIRES17DEL03,24.0,4.8,23.37,85.34,23.4,85.37,30-03-2022,17:15,17:30,Fog,Jam,0,Meal,motorcycle,1.0,No,Metropolitian,29,Food
0x791a,BANGRES06DEL02,37.0,4.6,12.98,77.64,13.11,77.77,23-03-2022,17:40,17:55,Sunny,Jam,0,Drinks,motorcycle,1.0,No,Metropolitian,36,Food
0x2e4e,CHENRES18DEL02,31.0,4.8,12.98,80.23,13.03,80.28,28-03-2022,0.875,21:10,Cloudy,Jam,0,Drinks,motorcycle,1.0,No,Metropolitian,30,Food
0x4585,COIMBRES07DEL02,28.0,4.7,10.96,76.97,11.09,77.1,12-03-2022,19:30,19:45,Sunny,Jam,1,Drinks,motorcycle,1.0,No,Metropolitian,24,Food
0xa80b,SURRES08DEL02,34.0,4.6,21.17,72.79,21.22,72.84,03-03-2022,1,24:15:00,Cloudy,Low,1,Meal,motorcycle,1.0,No,Urban,19,Food
0xdf6c,LUDHRES01DEL02,36.0,5.0,30.87,75.84,31.0,75.97,18-02-2022,22:35,22:50,Stormy,Jam,0,Meal,motorcycle,1.0,No,Metropolitian,27,Food
0xc297,AURGRES18DEL01,30.0,3.7,19.89,75.32,20.0,75.43,18-02-2022,21:30,21:40,Stormy,Jam,1,Snack,motorcycle,1.0,No,Metropolitian,34,Food
0xe48,SURRES07DEL02,24.0,4.6,21.17,72.79,21.25,72.87,16-03-2022,22:40,22:50,Stormy,Jam,0,Buffet,motorcycle,1.0,No,Urban,21,Food
0x5d92,PUNERES09DEL03,24.0,4.7,18.54,73.9,18.63,73.99,06-03-2022,21:20,21:35,Windy,Jam,0,Buffet,motorcycle,0.0,No,Metropolitian,38,Food
0x708b,SURRES06DEL02,24.0,4.9,21.19,72.81,21.21,72.83,01-03-2022,10:20,10:25,Sunny,Jam,0,Buffet,motorcycle,1.0,No,Urban,18,Food
0x1cf1,SURRES08DEL03,31.0,4.7,21.17,72.79,21.26,72.88,31-03-2022,19:10,19:15,Fog,Jam,2,Drinks,motorcycle,2.0,No,Metropolitian,41,Food
0x1f29,VADRES14DEL03,32.0,4.9,22.31,73.17,22.4,73.26,14-03-2022,21:50,0.916666667,Fog,Jam,0,Meal,motorcycle,0.0,No,Urban,42,Food
0xc56d,KNPRES08DEL02,21.0,4.6,0.0,0.0,0.08,0.08,18-02-2022,17:20,17:35,Stormy,Jam,2,Snack,electric_scooter,1.0,No,Metropolitian,29,Food
0xb5db,BANGRES08DEL01,33.0,4.1,12.91,77.6,13.02,77.71,06-03-2022,21:40,21:50,Sandstorms,Jam,0,Snack,motorcycle,1.0,No,Urban,35,Food
0x7023,RANCHIRES07DEL02,37.0,4.7,23.36,85.33,23.44,85.41,25-03-2022,22:45,0.958333333,Windy,Jam,0,Meal,motorcycle,1.0,No,Metropolitian,20,Food
0xdc21,BHPRES12DEL01,22.0,4.4,0.0,0.0,0.11,0.11,16-02-2022,21:55,22:05,Fog,Jam,1,Meal,motorcycle,2.0,No,Metropolitian,43,Food
0x4b4e,CHENRES08DEL03,31.0,4.9,13.02,80.24,13.05,80.27,03-04-2022,20:55,0.875,Windy,Jam,2,Buffet,electric_scooter,1.0,No,Metropolitian,30,Food
0x907,RANCHIRES08DEL01,23.0,4.8,23.35,85.33,23.42,85.4,20-03-2022,23:40,23:45,Sandstorms,Low,2,Meal,motorcycle,1.0,No,Metropolitian,15,Food
0x5e14,VADRES19DEL02,38.0,4.3,22.31,73.17,22.44,73.3,25-03-2022,21:25,21:35,Fog,Jam,2,Buffet,electric_scooter,1.0,Yes,Metropolitian,48,Food
0xd8dc,AURGRES14DEL01,28.0,4.5,19.88,75.32,19.99,75.43,14-02-2022,22:40,22:45,Cloudy,Jam,2,Snack,motorcycle,1.0,No,Metropolitian,28,Food
0xa98f,COIMBRES19DEL03,27.0,4.8,11.02,77.0,11.11,77.09,31-03-2022,0.958333333,23:10,Fog,Low,0,Drinks,motorcycle,1.0,No,Metropolitian,24,Grocery
0x8c7b,PUNERES04DEL01,20.0,4.6,18.51,73.84,18.55,73.88,15-03-2022,16:45,16:50,Sunny,Jam,2,Meal,motorcycle,1.0,No,Urban,14,Food
0x4142,INDORES15DEL02,37.0,4.9,22.76,75.89,22.78,75.91,03-03-2022,10:55,11:10,Cloudy,Jam,2,Meal,electric_scooter,0.0,No,Metropolitian,19,Food
0xa989,HYDRES15DEL01,21.0,4.3,17.46,78.37,17.57,78.48,10-03-2022,17:45,17:50,Stormy,Jam,0,Buffet,motorcycle,1.0,No,Metropolitian,34,Food
0x2213,COIMBRES010DEL02,23.0,4.6,11.0,76.98,11.13,77.11,04-03-2022,17:35,17:50,Sunny,Jam,1,Drinks,scooter,0.0,No,Metropolitian,13,Grocery
0x9ea4,PUNERES20DEL02,27.0,4.9,18.59,73.77,18.64,73.82,03-03-2022,18:30,18:40,Stormy,Jam,0,Buffet,motorcycle,1.0,No,Metropolitian,19,Food
0xd1de,LUDHRES01DEL02,38.0,4.2,30.87,75.84,30.89,75.86,17-02-2022,11:40,11:45,Fog,Jam,2,Buffet,motorcycle,1.0,No,Metropolitian,31,Food
0xae16,INDORES07DEL01,35.0,5.0,22.72,75.89,22.79,75.96,14-03-2022,21:50,0.916666667,Cloudy,Jam,1,Meal,scooter,3.0,No,Metropolitian,47,Food
0x2533,SURRES13DEL03,36.0,4.3,21.17,72.79,21.23,72.85,03-03-2022,23:20,23:25,Stormy,Jam,0,Meal,motorcycle,1.0,No,Metropolitian,31,Food
0xcf52,KOLRES12DEL03,26.0,4.1,22.55,88.35,22.58,88.38,13-02-2022,23:25,23:35,Stormy,Jam,0,Drinks,motorcycle,0.0,No,Metropolitian,21,Grocery
0x81e9,HYDRES19DEL03,33.0,4.5,17.46,78.5,17.52,78.56,07-03-2022,17:50,17:55,Sunny,Jam,0,Buffet,motorcycle,1.0,No,Metropolitian,24,Food
0x233b,INDORES11DEL01,,,22.75,75.89,22.82,75.96,25-03-2022,,21:45,Sandstorms,Jam,0,Buffet,motorcycle,0.0,No,Metropolitian,31,Food
0xc51,INDORES04DEL02,21.0,4.7,22.75,75.9,22.88,76.03,16-03-2022,17:10,17:15,Cloudy,Jam,1,Buffet,scooter,1.0,No,Metropolitian,35,Food
0x603b,MYSRES02DEL02,25.0,4.6,12.3,76.64,12.38,76.72,06-03-2022,17:20,17:30,Sunny,Jam,2,Snack,motorcycle,0.0,No,Metropolitian,15,Food
0x401,BANGRES20DEL03,,,12.97,77.6,13.06,77.69,10-03-2022,,20:35,,,3,Snack,scooter,1.0,No,Metropolitian,14,Food
0x228a,JAPRES15DEL02,39.0,4.9,26.89,75.8,26.91,75.82,03-04-2022,10:25,10:30,Fog,Low,2,Buffet,motorcycle,1.0,No,Metropolitian,19,Food
0x6811,INDORES04DEL02,32.0,4.8,22.75,75.9,22.77,75.92,07-03-2022,09:30,09:35,Stormy,Jam,2,Meal,scooter,1.0,No,Metropolitian,20,Food
0x1740,PUNERES05DEL01,31.0,4.8,18.54,73.91,18.58,73.95,15-03-2022,16:15,16:20,Cloudy,Jam,2,Buffet,motorcycle,0.0,No,Metropolitian,19,Food
0x6e40,HYDRES04DEL01,28.0,4.7,17.41,78.33,17.48,78.4,04-03-2022,22:30,22:35,Windy,Jam,2,Snack,scooter,0.0,No,Urban,17,Food
0xc980,KOLRES17DEL03,24.0,4.7,22.57,88.43,22.66,88.52,14-02-2022,17:45,0.75,Sandstorms,Jam,1,Drinks,scooter,1.0,No,Urban,18,Grocery
0x9999,JAPRES05DEL02,27.0,4.4,26.91,75.79,26.93,75.81,09-03-2022,10:20,10:35,Sandstorms,Jam,0,Meal,motorcycle,1.0,No,Metropolitian,15,Food
0x91cf,BANGRES18DEL01,37.0,4.7,12.91,77.68,12.98,77.75,14-03-2022,18:35,18:45,Sunny,Jam,0,Drinks,motorcycle,0.0,No,Metropolitian,39,Food
0x50cb,RANCHIRES08DEL02,39.0,4.3,23.35,85.33,23.48,85.46,31-03-2022,19:15,19:30,Windy,Jam,0,Snack,motorcycle,1.0,No,Metropolitian,35,Food
0xa805,RANCHIRES17DEL02,34.0,4.8,23.37,85.34,23.45,85.42,02-03-2022,17:30,17:45,Windy,Jam,1,Meal,motorcycle,1.0,No,Metropolitian,25,Food
0xcdf6,BHPRES07DEL01,34.0,3.5,0.0,0.0,0.07,0.07,14-02-2022,20:30,20:45,Windy,Jam,1,Snack,motorcycle,1.0,No,Urban,33,Food
0x469e,SURRES05DEL02,38.0,5.0,21.18,72.8,21.26,72.88,04-03-2022,22:40,22:45,Cloudy,Jam,1,Buffet,scooter,1.0,No,Metropolitian,27,Food
0x109a,CHENRES06DEL02,29.0,4.7,13.05,80.26,13.1,80.31,28-03-2022,18:30,18:35,Cloudy,Jam,2,Meal,motorcycle,0.0,No,Urban,12,Food
0x9048,RANCHIRES13DEL03,31.0,4.8,23.37,85.34,23.4,85.37,19-03-2022,22:55,0.958333333,Sunny,Jam,0,Meal,motorcycle,1.0,No,Metropolitian,23,Food
0xd674,KOLRES07DEL02,33.0,4.9,22.55,88.35,22.57,88.37,17-02-2022,11:20,11:35,Stormy,Jam,0,Snack,motorcycle,1.0,No,Metropolitian,36,Food
0x865,MUMRES16DEL03,,,19.12,72.91,19.15,72.94,24-03-2022,,23:05,,,2,Snack,electric_scooter,1.0,No,Urban,24,Food
0xb7ed,JAPRES17DEL03,25.0,5.0,26.89,75.81,26.98,75.9,20-03-2022,21:30,21:35,Fog,Jam,0,Meal,motorcycle,0.0,No,Metropolitian,42,Food
0x5efa,MUMRES01DEL02,39.0,3.8,19.13,72.83,19.26,72.96,12-03-2022,23:20,23:25,Cloudy,Jam,1,Drinks,scooter,0.0,No,Metropolitian,37,Grocery
0xb352,MYSRES14DEL03,21.0,4.6,0.0,0.0,0.03,0.03,30-03-2022,21:10,21:15,Sunny,Jam,1,Snack,motorcycle,1.0,No,Metropolitian,11,Food
0xcc1b,AGRRES08DEL02,26.0,4.6,27.16,78.04,27.29,78.17,16-02-2022,0.833333333,20:10,Cloudy,Jam,1,Snack,motorcycle,1.0,No,Metropolitian,30,Food
0xb99b,INDORES07DEL02,30.0,4.8,22.72,75.89,22.74,75.91,01-04-2022,08:55,0.375,Windy,Jam,1,Snack,scooter,,No,Urban,26,Food
0xa644,JAPRES20DEL03,20.0,4.7,26.96,75.78,27.1,75.92,08-03-2022,21:45,21:55,Windy,Jam,0,Snack,motorcycle,0.0,No,Metropolitian,25,Food
0x8dc0,MUMRES05DEL02,23.0,4.6,18.93,72.83,19.01,72.91,04-03-2022,18:20,18:25,Fog,Jam,0,Snack,motorcycle,1.0,No,Urban,39,Food
0x8753,PUNERES17DEL01,24.0,4.9,18.53,73.83,18.54,73.84,03-03-2022,10:10,10:20,Sandstorms,Jam,1,Buffet,scooter,0.0,No,Urban,10,Food
0xd71b,KOLRES15DEL01,34.0,4.4,22.55,88.35,22.62,88.42,12-02-2022,22:55,23:10,Fog,Low,0,Buffet,motorcycle,1.0,No,Metropolitian,40,Food
0x9247,PUNERES16DEL02,23.0,4.9,18.54,73.83,18.62,73.91,06-03-2022,19:35,19:40,Cloudy,Jam,0,Buffet,motorcycle,1.0,No,Metropolitian,41,Food
0x6cba,SURRES20DEL01,21.0,4.9,21.15,72.78,21.22,72.85,12-03-2022,0.958333333,23:15,Windy,Low,1,Meal,motorcycle,0.0,No,Metropolitian,10,Food
0xd883,BHPRES06DEL02,36.0,4.8,23.23,77.43,23.31,77.51,18-02-2022,19:30,19:40,Fog,Jam,1,Snack,motorcycle,2.0,No,Metropolitian,39,Food
0xa12a,INDORES14DEL02,22.0,4.6,22.76,75.89,22.81,75.94,28-03-2022,19:10,19:15,Fog,Jam,1,Meal,scooter,1.0,No,Metropolitian,27,Food
0x88c1,SURRES04DEL03,28.0,4.8,21.17,72.8,21.26,72.89,27-03-2022,19:50,20:05,Stormy,Jam,1,Buffet,scooter,0.0,No,Metropolitian,19,Food
0x7c7,VADRES02DEL03,25.0,4.6,0.0,0.0,0.06,0.06,01-03-2022,23:50,1,Cloudy,Low,0,Snack,motorcycle,1.0,No,Metropolitian,21,Food
0x93ef,PUNERES08DEL02,21.0,4.9,18.53,73.9,18.58,73.95,03-03-2022,20:25,20:35,Sandstorms,Jam,2,Drinks,motorcycle,0.0,No,Metropolitian,17,Food
0x34a6,CHENRES09DEL02,35.0,4.8,13.04,80.26,13.12,80.34,29-03-2022,21:50,0.916666667,Windy,Jam,0,Meal,motorcycle,1.0,No,Metropolitian,44,Food
0x901,JAPRES13DEL01,,,26.85,75.8,26.96,75.91,12-03-2022,17:30,17:35,Sandstorms,Jam,2,Meal,scooter,1.0,No,Urban,20,Food
0x5176,JAPRES09DEL01,21.0,4.6,26.91,75.79,26.95,75.83,01-04-2022,16:15,16:30,Sandstorms,Jam,0,Drinks,motorcycle,0.0,No,Metropolitian,11,Grocery
0x292b,BANGRES06DEL02,22.0,4.9,12.98,77.64,13.11,77.77,10-03-2022,22:20,22:35,Fog,Jam,1,Meal,motorcycle,1.0,No,,26,Food
